data_ini_se,chuva_semana_mm,chuva_dias_com_chuva,chuva_max_diaria_mm,cod_ibge
2014-01-05,27.2,4,14.62,5200100
2014-01-12,22.88,6,5.68,5200100
2014-01-19,42.06,7,16.14,5200100
2014-01-26,15.24,4,6.69,5200100
2014-02-02,1.02,0,0.57,5200100
2014-02-09,29.09,5,9.74,5200100
2014-02-16,89.28,7,18.44,5200100
2014-02-23,40.95,7,13.74,5200100
2014-03-02,82.0,7,28.41,5200100
2014-03-09,25.900000000000002,4,12.75,5200100
2014-03-16,32.42,6,8.93,5200100
2014-03-23,72.41,7,16.04,5200100
2014-03-30,61.809999999999995,7,20.95,5200100
2014-04-06,54.73,7,20.41,5200100
2014-04-13,59.61,6,14.13,5200100
2014-04-20,25.709999999999997,4,15.03,5200100
2014-04-27,1.67,1,1.67,5200100
2014-05-04,1.33,1,1.1,5200100
2014-05-11,0.05,0,0.05,5200100
2014-05-18,1.09,1,1.07,5200100
2014-05-25,1.13,0,0.97,5200100
2014-06-01,0.99,0,0.85,5200100
2014-06-08,0.0,0,0.0,5200100
2014-06-15,0.03,0,0.03,5200100
2014-06-22,0.0,0,0.0,5200100
2014-06-29,0.0,0,0.0,5200100
2014-07-06,0.0,0,0.0,5200100
2014-07-13,0.0,0,0.0,5200100
2014-07-20,1.95,0,0.84,5200100
2014-07-27,2.63,1,2.62,5200100
2014-08-03,0.0,0,0.0,5200100
2014-08-10,0.0,0,0.0,5200100
2014-08-17,0.0,0,0.0,5200100
2014-08-24,0.35,0,0.19,5200100
2014-08-31,20.63,3,12.87,5200100
2014-09-07,0.0,0,0.0,5200100
2014-09-14,0.77,0,0.41,5200100
2014-09-21,19.23,5,8.32,5200100
2014-09-28,9.18,2,4.89,5200100
2014-10-05,0.0,0,0.0,5200100
2014-10-12,0.0,0,0.0,5200100
2014-10-19,24.560000000000002,6,6.62,5200100
2014-10-26,31.259999999999998,6,10.79,5200100
2014-11-02,36.65,6,11.39,5200100
2014-11-09,39.21,6,11.86,5200100
2014-11-16,19.169999999999998,5,12.87,5200100
2014-11-23,67.56,6,18.45,5200100
2014-11-30,66.00999999999999,7,24.29,5200100
2014-12-07,70.28,7,20.44,5200100
2014-12-14,45.05,7,11.08,5200100
2014-12-21,45.96,3,28.68,5200100
2014-12-28,23.259999999999998,5,14.35,5200100
2015-01-04,4.54,1,3.36,5200100
2015-01-11,8.97,2,4.32,5200100
2015-01-18,27.450000000000003,5,11.46,5200100
2015-01-25,29.92,6,9.96,5200100
2015-02-01,88.93,6,59.62,5200100
2015-02-08,68.05,6,27.27,5200100
2015-02-15,72.4,7,20.03,5200100
2015-02-22,21.39,5,6.52,5200100
2015-03-01,32.07,6,8.62,5200100
2015-03-08,61.39,7,22.85,5200100
2015-03-15,58.33,7,21.24,5200100
2015-03-22,34.76,6,9.85,5200100
2015-03-29,18.62,5,5.41,5200100
2015-04-05,25.25,6,14.01,5200100
2015-04-12,52.94,7,19.68,5200100
2015-04-19,35.49,7,12.94,5200100
2015-04-26,24.51,4,10.64,5200100
2015-05-03,11.13,3,4.37,5200100
2015-05-10,8.35,3,4.22,5200100
2015-05-17,1.36,1,1.05,5200100
2015-05-24,0.26,0,0.15,5200100
2015-05-31,0.06999999999999999,0,0.06,5200100
2015-06-07,0.0,0,0.0,5200100
2015-06-14,0.27,0,0.25,5200100
2015-06-21,0.0,0,0.0,5200100
2015-06-28,0.0,0,0.0,5200100
2015-07-05,1.4200000000000002,1,1.36,5200100
2015-07-12,0.0,0,0.0,5200100
2015-07-19,0.0,0,0.0,5200100
2015-07-26,0.03,0,0.02,5200100
2015-08-02,0.0,0,0.0,5200100
2015-08-09,0.0,0,0.0,5200100
2015-08-16,1.75,1,1.75,5200100
2015-08-23,1.72,0,0.89,5200100
2015-08-30,1.19,0,0.46,5200100
2015-09-06,22.580000000000002,2,11.22,5200100
2015-09-13,2.69,1,2.03,5200100
2015-09-20,0.35,0,0.13,5200100
2015-09-27,11.15,2,5.9,5200100
2015-10-04,6.38,2,3.52,5200100
2015-10-11,0.46,0,0.23,5200100
2015-10-18,10.43,1,9.55,5200100
2015-10-25,57.86,7,22.39,5200100
2015-11-01,45.239999999999995,6,15.79,5200100
2015-11-08,8.870000000000001,2,4.88,5200100
2015-11-15,42.8,7,11.97,5200100
2015-11-22,89.59,7,38.29,5200100
2015-11-29,39.37,6,14.0,5200100
2015-12-06,31.95,7,14.92,5200100
2015-12-13,20.02,4,8.99,5200100
2015-12-20,43.230000000000004,5,19.96,5200100
2015-12-27,70.0,5,32.67,5200100
2016-01-03,80.19,7,18.86,5200100
2016-01-10,101.94,7,22.71,5200100
2016-01-17,165.72,7,54.57,5200100
2016-01-24,87.17999999999999,7,27.79,5200100
2016-01-31,26.34,5,12.42,5200100
2016-02-07,52.69,7,16.56,5200100
2016-02-14,23.57,3,10.64,5200100
2016-02-21,17.32,4,6.05,5200100
2016-02-28,58.72,7,24.86,5200100
2016-03-06,56.1,7,20.84,5200100
2016-03-13,23.16,3,17.4,5200100
2016-03-20,15.64,4,6.33,5200100
2016-03-27,3.28,1,2.8,5200100
2016-04-03,0.28,0,0.27,5200100
2016-04-10,0.38,0,0.38,5200100
2016-04-17,8.21,2,5.02,5200100
2016-04-24,10.09,3,5.29,5200100
2016-05-01,0.04,0,0.04,5200100
2016-05-08,5.82,2,4.7,5200100
2016-05-15,8.86,2,6.22,5200100
2016-05-22,0.01,0,0.01,5200100
2016-05-29,0.0,0,0.0,5200100
2016-06-05,0.0,0,0.0,5200100
2016-06-12,0.0,0,0.0,5200100
2016-06-19,0.0,0,0.0,5200100
2016-06-26,0.0,0,0.0,5200100
2016-07-03,0.0,0,0.0,5200100
2016-07-10,0.0,0,0.0,5200100
2016-07-17,0.0,0,0.0,5200100
2016-07-24,0.0,0,0.0,5200100
2016-07-31,0.0,0,0.0,5200100
2016-08-07,0.03,0,0.03,5200100
2016-08-14,17.28,2,9.9,5200100
2016-08-21,1.44,0,0.64,5200100
2016-08-28,3.71,2,1.48,5200100
2016-09-04,0.0,0,0.0,5200100
2016-09-11,1.26,1,1.06,5200100
2016-09-18,26.52,5,9.72,5200100
2016-09-25,7.08,4,2.21,5200100
2016-10-02,66.85,5,28.27,5200100
2016-10-09,5.1899999999999995,1,2.61,5200100
2016-10-16,42.089999999999996,5,18.33,5200100
2016-10-23,17.59,4,8.61,5200100
2016-10-30,65.17,5,21.72,5200100
2016-11-06,39.07,5,19.54,5200100
2016-11-13,52.8,7,15.28,5200100
2016-11-20,77.53,7,21.81,5200100
2016-11-27,32.65,7,9.59,5200100
2016-12-04,62.13,6,13.61,5200100
2016-12-11,44.96,6,16.71,5200100
2016-12-18,9.549999999999999,3,5.84,5200100
2016-12-25,28.299999999999997,5,11.1,5200100
2017-01-01,22.94,3,10.86,5200100
2017-01-08,30.98,5,14.0,5200100
2017-01-15,52.15,7,14.24,5200100
2017-01-22,56.42,7,15.62,5200100
2017-01-29,24.67,6,9.99,5200100
2017-02-05,88.13,7,32.35,5200100
2017-02-12,33.67,5,16.91,5200100
2017-02-19,17.95,4,6.61,5200100
2017-02-26,45.25,7,19.26,5200100
2017-03-05,9.14,3,2.94,5200100
2017-03-12,39.85,6,16.18,5200100
2017-03-19,50.58,7,15.53,5200100
2017-03-26,47.879999999999995,7,16.74,5200100
2017-04-02,47.39,6,11.58,5200100
2017-04-09,3.0300000000000002,2,1.8,5200100
2017-04-16,31.050000000000004,4,21.03,5200100
2017-04-23,30.67,5,14.98,5200100
2017-04-30,0.74,0,0.74,5200100
2017-05-07,5.510000000000001,2,3.24,5200100
2017-05-14,20.04,5,5.28,5200100
2017-05-21,12.69,1,12.15,5200100
2017-05-28,0.46,0,0.28,5200100
2017-06-04,0.0,0,0.0,5200100
2017-06-11,0.0,0,0.0,5200100
2017-06-18,0.16999999999999998,0,0.12,5200100
2017-06-25,0.17,0,0.17,5200100
2017-07-02,0.0,0,0.0,5200100
2017-07-09,1.89,1,1.89,5200100
2017-07-16,0.0,0,0.0,5200100
2017-07-23,0.06,0,0.06,5200100
2017-07-30,2.04,1,1.62,5200100
2017-08-06,0.21,0,0.16,5200100
2017-08-13,0.0,0,0.0,5200100
2017-08-20,0.75,0,0.4,5200100
2017-08-27,0.06,0,0.06,5200100
2017-09-03,0.03,0,0.03,5200100
2017-09-10,0.0,0,0.0,5200100
2017-09-17,0.18,0,0.18,5200100
2017-09-24,12.94,2,7.25,5200100
2017-10-01,35.89,2,17.94,5200100
2017-10-08,0.0,0,0.0,5200100
2017-10-15,0.0,0,0.0,5200100
2017-10-22,2.52,1,1.32,5200100
2017-10-29,55.87,6,20.6,5200100
2017-11-05,68.32,6,21.69,5200100
2017-11-12,31.36,5,14.06,5200100
2017-11-19,27.490000000000002,4,12.51,5200100
2017-11-26,61.260000000000005,6,21.19,5200100
2017-12-03,38.85,7,11.01,5200100
2017-12-10,167.77,7,45.77,5200100
2017-12-17,36.39,6,14.4,5200100
2017-12-24,19.130000000000003,6,8.05,5200100
2017-12-31,45.29,7,17.1,5200100
2018-01-07,30.520000000000003,5,10.07,5200100
2018-01-14,9.24,3,5.74,5200100
2018-01-21,32.099999999999994,4,17.22,5200100
2018-01-28,97.37,7,52.34,5200100
2018-02-04,54.32,5,30.79,5200100
2018-02-11,0.48000000000000004,0,0.45,5200100
2018-02-18,88.78999999999999,7,24.9,5200100
2018-02-25,59.269999999999996,4,38.54,5200100
2018-03-04,49.05,5,20.14,5200100
2018-03-11,27.85,6,9.31,5200100
2018-03-18,48.34,7,10.47,5200100
2018-03-25,20.67,3,10.46,5200100
2018-04-01,52.64,7,15.96,5200100
2018-04-08,34.89,6,15.17,5200100
2018-04-15,21.720000000000002,3,14.39,5200100
2018-04-22,4.38,2,2.76,5200100
2018-04-29,0.33,0,0.26,5200100
2018-05-06,0.12,0,0.11,5200100
2018-05-13,20.5,1,20.2,5200100
2018-05-20,4.44,1,4.4,5200100
2018-05-27,0.0,0,0.0,5200100
2018-06-03,0.03,0,0.03,5200100
2018-06-10,0.0,0,0.0,5200100
2018-06-17,0.0,0,0.0,5200100
2018-06-24,0.0,0,0.0,5200100
2018-07-01,0.0,0,0.0,5200100
2018-07-08,0.0,0,0.0,5200100
2018-07-15,0.0,0,0.0,5200100
2018-07-22,0.0,0,0.0,5200100
2018-07-29,0.0,0,0.0,5200100
2018-08-05,3.46,1,3.1,5200100
2018-08-12,9.07,3,4.16,5200100
2018-08-19,1.22,0,0.95,5200100
2018-08-26,0.06,0,0.06,5200100
2018-09-02,0.0,0,0.0,5200100
2018-09-09,1.92,1,1.4,5200100
2018-09-16,29.990000000000002,4,16.64,5200100
2018-09-23,3.8,2,1.75,5200100
2018-09-30,21.090000000000003,6,9.31,5200100
2018-10-07,19.87,4,7.82,5200100
2018-10-14,75.86,7,29.02,5200100
2018-10-21,63.04,5,22.74,5200100
2018-10-28,24.06,4,16.45,5200100
2018-11-04,66.87,7,20.81,5200100
2018-11-11,56.69,7,18.27,5200100
2018-11-18,56.0,6,17.71,5200100
2018-11-25,34.06,5,18.92,5200100
2018-12-02,73.0,7,27.58,5200100
2018-12-09,32.57,7,8.67,5200100
2018-12-16,10.85,2,5.97,5200100
2018-12-23,50.87,6,19.03,5200100
2018-12-30,31.330000000000002,5,9.66,5200100
2019-01-06,21.740000000000002,3,14.84,5200100
2019-01-13,22.67,6,8.69,5200100
2019-01-20,25.330000000000002,5,15.14,5200100
2019-01-27,5.37,1,3.82,5200100
2019-02-03,85.93,7,26.76,5200100
2019-02-10,39.99,5,19.76,5200100
2019-02-17,42.059999999999995,7,10.69,5200100
2019-02-24,63.57,6,19.24,5200100
2019-03-03,73.00999999999999,6,20.33,5200100
2019-03-10,59.89,7,28.5,5200100
2019-03-17,26.47,6,8.94,5200100
2019-03-24,37.99,4,14.91,5200100
2019-03-31,15.709999999999999,3,5.45,5200100
2019-04-07,59.23,7,11.61,5200100
2019-04-14,16.89,5,9.05,5200100
2019-04-21,31.77,4,10.26,5200100
2019-04-28,19.92,4,13.0,5200100
2019-05-05,2.5,1,1.04,5200100
2019-05-12,12.77,2,7.67,5200100
2019-05-19,0.02,0,0.01,5200100
2019-05-26,0.0,0,0.0,5200100
2019-06-02,0.93,0,0.88,5200100
2019-06-09,0.0,0,0.0,5200100
2019-06-16,0.0,0,0.0,5200100
2019-06-23,0.0,0,0.0,5200100
2019-06-30,0.8799999999999999,0,0.82,5200100
2019-07-07,0.0,0,0.0,5200100
2019-07-14,0.0,0,0.0,5200100
2019-07-21,0.0,0,0.0,5200100
2019-07-28,0.0,0,0.0,5200100
2019-08-04,0.06,0,0.06,5200100
2019-08-11,0.11,0,0.06,5200100
2019-08-18,0.08,0,0.08,5200100
2019-08-25,0.0,0,0.0,5200100
2019-09-01,1.07,0,0.74,5200100
2019-09-08,0.0,0,0.0,5200100
2019-09-15,0.0,0,0.0,5200100
2019-09-22,6.48,2,4.25,5200100
2019-09-29,2.49,0,0.59,5200100
2019-10-06,29.79,4,15.76,5200100
2019-10-13,0.04,0,0.02,5200100
2019-10-20,43.239999999999995,5,21.47,5200100
2019-10-27,22.560000000000002,6,10.88,5200100
2019-11-03,16.28,5,6.51,5200100
2019-11-10,14.399999999999999,4,7.81,5200100
2019-11-17,38.5,6,11.02,5200100
2019-11-24,35.07,7,10.8,5200100
2019-12-01,62.55,7,17.36,5200100
2019-12-08,57.6,7,17.76,5200100
2019-12-15,15.4,4,7.45,5200100
2019-12-22,28.35,6,9.95,5200100
2019-12-29,38.83,5,16.57,5200100
2020-01-05,96.97,7,53.96,5200100
2020-01-12,21.02,6,7.49,5200100
2020-01-19,98.28,7,28.11,5200100
2020-01-26,43.27,7,12.07,5200100
2020-02-02,138.23,7,31.49,5200100
2020-02-09,44.34,6,12.56,5200100
2020-02-16,64.62,7,16.9,5200100
2020-02-23,74.1,7,13.77,5200100
2020-03-01,65.62,7,17.4,5200100
2020-03-08,33.06,5,10.08,5200100
2020-03-15,34.78,4,14.8,5200100
2020-03-22,84.93,7,20.93,5200100
2020-03-29,3.0300000000000002,1,1.75,5200100
2020-04-05,26.65,4,11.27,5200100
2020-04-12,50.86,7,18.06,5200100
2020-04-19,85.83,6,25.66,5200100
2020-04-26,0.19,0,0.05,5200100
2020-05-03,2.34,1,1.69,5200100
2020-05-10,4.0,2,1.86,5200100
2020-05-17,0.98,0,0.82,5200100
2020-05-24,0.45,0,0.31,5200100
2020-05-31,0.35,0,0.1,5200100
2020-06-07,0.31,0,0.11,5200100
2020-06-14,0.15000000000000002,0,0.07,5200100
2020-06-21,0.34,0,0.13,5200100
2020-06-28,0.09000000000000001,0,0.07,5200100
2020-07-05,0.11,0,0.11,5200100
2020-07-12,0.08,0,0.04,5200100
2020-07-19,0.57,0,0.24,5200100
2020-07-26,0.35,0,0.11,5200100
2020-08-02,0.37,0,0.13,5200100
2020-08-09,0.0,0,0.0,5200100
2020-08-16,0.03,0,0.01,5200100
2020-08-23,0.0,0,0.0,5200100
2020-08-30,0.02,0,0.02,5200100
2020-09-06,0.6799999999999999,0,0.47,5200100
2020-09-13,0.0,0,0.0,5200100
2020-09-20,7.6,2,5.06,5200100
2020-09-27,0.49,0,0.49,5200100
2020-10-04,15.02,1,15.02,5200100
2020-10-11,95.03999999999999,5,76.3,5200100
2020-10-18,64.65,7,28.26,5200100
2020-10-25,30.189999999999998,6,11.04,5200100
2020-11-01,14.309999999999999,3,8.62,5200100
2020-11-08,30.049999999999997,5,8.76,5200100
2020-11-15,55.92,6,15.16,5200100
2020-11-22,6.5,3,2.89,5200100
2020-11-29,7.33,1,6.83,5200100
2020-12-06,41.74,6,15.16,5200100
2020-12-13,8.92,2,6.2,5200100
2020-12-20,56.83,7,18.77,5200100
2020-12-27,18.29,3,7.17,5200100
2021-01-03,38.74,6,21.2,5200100
2021-01-10,55.46,7,21.79,5200100
2021-01-17,15.56,4,6.66,5200100
2021-01-24,26.32,4,12.66,5200100
2021-01-31,40.11,7,8.27,5200100
2021-02-07,75.67,5,26.66,5200100
2021-02-14,63.01,7,14.27,5200100
2021-02-21,92.9,7,30.42,5200100
2021-02-28,28.939999999999998,3,14.37,5200100
2021-03-07,35.63,7,16.09,5200100
2021-03-14,65.55,7,15.89,5200100
2021-03-21,3.08,1,3.02,5200100
2021-03-28,11.06,5,4.75,5200100
2021-04-04,41.54,6,13.11,5200100
2021-04-11,7.169999999999999,2,3.86,5200100
2021-04-18,6.48,2,3.37,5200100
2021-04-25,3.24,1,1.3,5200100
2021-05-02,0.12,0,0.05,5200100
2021-05-09,0.060000000000000005,0,0.04,5200100
2021-05-16,0.07,0,0.03,5200100
2021-05-23,0.04,0,0.04,5200100
2021-05-30,0.04,0,0.02,5200100
2021-06-06,0.18,0,0.08,5200100
2021-06-13,14.140000000000002,1,13.3,5200100
2021-06-20,0.56,0,0.45,5200100
2021-06-27,0.01,0,0.01,5200100
2021-07-04,0.02,0,0.01,5200100
2021-07-11,0.03,0,0.03,5200100
2021-07-18,0.1,0,0.04,5200100
2021-07-25,0.45,0,0.27,5200100
2021-08-01,0.87,0,0.23,5200100
2021-08-08,1.76,1,1.48,5200100
2021-08-15,0.0,0,0.0,5200100
2021-08-22,0.01,0,0.01,5200100
2021-08-29,1.47,1,1.19,5200100
2021-09-05,0.0,0,0.0,5200100
2021-09-12,0.11,0,0.11,5200100
2021-09-19,22.03,2,16.51,5200100
2021-09-26,15.530000000000001,5,5.45,5200100
2021-10-03,8.37,3,4.56,5200100
2021-10-10,29.060000000000002,5,17.57,5200100
2021-10-17,49.51,6,18.82,5200100
2021-10-24,35.09,5,11.08,5200100
2021-10-31,46.57,7,17.14,5200100
2021-11-07,108.6,7,25.78,5200100
2021-11-14,120.6,7,37.14,5200100
2021-11-21,25.36,4,17.26,5200100
2021-11-28,74.16,7,23.21,5200100
2021-12-05,31.75,6,11.4,5200100
2021-12-12,45.47,7,11.08,5200100
2021-12-19,82.15,6,23.19,5200100
2021-12-26,89.3,5,38.29,5200100
2022-01-02,80.21000000000001,7,31.49,5200100
2022-01-09,99.33,5,38.18,5200100
2022-01-16,16.12,5,5.2,5200100
2022-01-23,28.79,5,9.54,5200100
2022-01-30,20.97,6,5.06,5200100
2022-02-06,140.89000000000001,7,34.7,5200100
2022-02-13,92.05,7,28.38,5200100
2022-02-20,30.76,7,12.81,5200100
2022-02-27,18.97,4,7.18,5200100
2022-03-06,16.84,4,6.82,5200100
2022-03-13,36.529999999999994,6,17.74,5200100
2022-03-20,25.22,3,10.8,5200100
2022-03-27,12.61,3,7.66,5200100
2022-04-03,8.64,1,7.53,5200100
2022-04-10,9.47,4,3.59,5200100
2022-04-17,2.76,1,1.4,5200100
2022-04-24,0.08,0,0.05,5200100
2022-05-01,1.46,0,0.93,5200100
2022-05-08,1.42,0,0.97,5200100
2022-05-15,2.33,1,1.31,5200100
2022-05-22,0.28,0,0.23,5200100
2022-05-29,0.03,0,0.03,5200100
2022-06-05,0.12,0,0.08,5200100
2022-06-12,0.29,0,0.21,5200100
2022-06-19,0.03,0,0.03,5200100
2022-06-26,0.05,0,0.03,5200100
2022-07-03,0.04,0,0.03,5200100
2022-07-10,0.04,0,0.03,5200100
2022-07-17,0.0,0,0.0,5200100
2022-07-24,0.0,0,0.0,5200100
2022-07-31,0.0,0,0.0,5200100
2022-08-07,0.01,0,0.01,5200100
2022-08-14,0.04,0,0.03,5200100
2022-08-21,0.0,0,0.0,5200100
2022-08-28,0.0,0,0.0,5200100
2022-09-04,0.0,0,0.0,5200100
2022-09-11,1.9,1,1.41,5200100
2022-09-18,26.740000000000002,6,7.39,5200100
2022-09-25,25.47,4,15.64,5200100
2022-10-02,13.16,5,3.35,5200100
2022-10-09,7.449999999999999,1,7.1,5200100
2022-10-16,15.82,1,14.45,5200100
2022-10-23,41.18,5,19.66,5200100
2022-10-30,25.0,3,11.52,5200100
2022-11-06,41.29,5,14.75,5200100
2022-11-13,60.3,5,17.98,5200100
2022-11-20,52.93,7,19.79,5200100
2022-11-27,74.6,6,20.71,5200100
2022-12-04,72.99,7,18.52,5200100
2022-12-11,93.86,7,39.43,5200100
2022-12-18,48.33,7,11.69,5200100
2022-12-25,72.89,7,27.88,5200100
2023-01-01,69.0,7,17.9,5200100
2023-01-08,27.08,7,9.26,5200100
2023-01-15,31.64,6,9.29,5200100
2023-01-22,55.49,7,15.85,5200100
2023-01-29,36.75,6,9.63,5200100
2023-02-05,32.89,7,10.63,5200100
2023-02-12,21.94,4,11.9,5200100
2023-02-19,46.15,6,11.59,5200100
2023-02-26,29.740000000000002,5,12.09,5200100
2023-03-05,48.53,4,25.33,5200100
2023-03-12,63.58,7,21.71,5200100
2023-03-19,48.14,5,16.28,5200100
2023-03-26,3.18,1,2.08,5200100
2023-04-02,26.86,4,7.77,5200100
2023-04-09,35.839999999999996,6,14.66,5200100
2023-04-16,7.14,3,3.07,5200100
2023-04-23,3.14,1,1.06,5200100
2023-04-30,1.31,0,0.51,5200100
2023-05-07,1.33,0,0.6,5200100
2023-05-14,0.8600000000000001,0,0.19,5200100
2023-05-21,0.67,0,0.21,5200100
2023-05-28,0.2,0,0.1,5200100
2023-06-04,0.37,0,0.2,5200100
2023-06-11,4.99,1,2.64,5200100
2023-06-18,0.19,0,0.05,5200100
2023-06-25,0.27,0,0.08,5200100
2023-07-02,0.48,0,0.33,5200100
2023-07-09,0.05,0,0.05,5200100
2023-07-16,0.0,0,0.0,5200100
2023-07-23,0.0,0,0.0,5200100
2023-07-30,0.01,0,0.01,5200100
2023-08-06,0.01,0,0.01,5200100
2023-08-13,0.0,0,0.0,5200100
2023-08-20,3.0300000000000002,2,1.29,5200100
2023-08-27,21.04,5,5.85,5200100
2023-09-03,5.24,2,2.36,5200100
2023-09-10,0.99,0,0.94,5200100
2023-09-17,2.57,1,2.54,5200100
2023-09-24,11.11,2,6.87,5200100
2023-10-01,32.8,5,15.06,5200100
2023-10-08,12.99,3,5.25,5200100
2023-10-15,6.6,2,4.51,5200100
2023-10-22,16.54,4,7.34,5200100
2023-10-29,30.74,4,10.23,5200100
2023-11-05,4.33,2,1.94,5200100
2023-11-12,5.94,3,2.12,5200100
2023-11-19,48.43,6,14.34,5200100
2023-11-26,35.15,5,16.08,5200100
2023-12-03,16.38,4,6.71,5200100
2023-12-10,16.29,3,7.61,5200100
2023-12-17,55.32,6,22.36,5200100
2023-12-24,13.41,3,6.32,5200100
2023-12-31,73.64,7,19.22,5200100
2024-01-07,28.740000000000002,6,15.94,5200100
2024-01-14,48.8,5,18.45,5200100
2024-01-21,31.75,6,9.08,5200100
2024-01-28,33.26,5,8.91,5200100
2024-02-04,51.33,7,12.34,5200100
2024-02-11,12.93,4,5.05,5200100
2024-02-18,52.75,5,25.35,5200100
2024-02-25,9.29,3,4.23,5200100
2024-03-03,29.66,7,10.18,5200100
2024-03-10,27.58,6,12.39,5200100
2024-03-17,33.58,7,10.15,5200100
2024-03-24,49.86,5,12.54,5200100
2024-03-31,32.89,7,11.31,5200100
2024-04-07,23.669999999999998,6,6.66,5200100
2024-04-14,3.88,1,2.77,5200100
2024-04-21,0.74,0,0.27,5200100
2024-04-28,0.2,0,0.1,5200100
2024-05-05,0.14,0,0.04,5200100
2024-05-12,0.35,0,0.21,5200100
2024-05-19,0.18,0,0.06,5200100
2024-05-26,0.060000000000000005,0,0.04,5200100
2024-06-02,0.11,0,0.04,5200100
2024-06-09,0.12,0,0.04,5200100
2024-06-16,0.51,0,0.24,5200100
2024-06-23,0.07,0,0.04,5200100
2024-06-30,0.04,0,0.04,5200100
2024-07-07,0.03,0,0.03,5200100
2024-07-14,0.06,0,0.03,5200100
2024-07-21,0.01,0,0.01,5200100
2024-07-28,0.0,0,0.0,5200100
2024-08-04,0.0,0,0.0,5200100
2024-08-11,0.0,0,0.0,5200100
2024-08-18,0.08,0,0.03,5200100
2024-08-25,0.0,0,0.0,5200100
2024-09-01,0.0,0,0.0,5200100
2024-09-08,0.1,0,0.07,5200100
2024-09-15,0.01,0,0.01,5200100
2024-09-22,5.76,1,5.76,5200100
2024-09-29,4.16,1,4.15,5200100
2024-10-06,9.950000000000001,2,3.89,5200100
2024-10-13,71.42,5,44.36,5200100
2024-10-20,81.37,7,28.05,5200100
2024-10-27,96.84,6,38.3,5200100
2024-11-03,72.06,6,33.03,5200100
2024-11-10,88.58,7,19.51,5200100
2024-11-17,76.53,7,17.63,5200100
2024-11-24,25.52,7,6.04,5200100
2024-12-01,14.53,5,6.82,5200100
2024-12-08,13.84,4,6.06,5200100
2024-12-15,25.73,7,5.76,5200100
2024-12-22,41.919999999999995,6,16.38,5200100
2024-12-29,19.64,6,6.12,5200100
2025-01-05,30.95,7,11.16,5200100
2025-01-12,65.15,6,28.4,5200100
2025-01-19,9.49,2,3.8,5200100
2025-01-26,35.91,6,13.11,5200100
2025-02-02,10.709999999999999,4,3.51,5200100
2025-02-09,30.299999999999997,6,8.94,5200100
2025-02-16,12.73,3,5.48,5200100
2025-02-23,63.06,7,29.68,5200100
2025-03-02,1.9700000000000002,1,1.85,5200100
2025-03-09,19.55,4,8.16,5200100
2025-03-16,26.42,6,5.94,5200100
2025-03-23,76.67,6,46.86,5200100
2025-03-30,9.49,3,4.8,5200100
2025-04-06,9.88,3,3.51,5200100
2025-04-13,14.620000000000001,5,6.53,5200100
2025-04-20,8.92,4,3.0,5200100
2025-04-27,3.47,2,2.27,5200100
2025-05-04,4.53,2,3.3,5200100
2025-05-11,1.3,1,1.08,5200100
2025-05-18,0.32,0,0.1,5200100
2025-05-25,0.1,0,0.05,5200100
2025-06-01,0.67,0,0.4,5200100
2025-06-08,6.4,3,2.88,5200100
2025-06-15,0.42000000000000004,0,0.23,5200100
2025-06-22,0.15,0,0.09,5200100
2025-06-29,0.0,0,0.0,5200100
2025-07-06,0.0,0,0.0,5200100
2025-07-13,0.0,0,0.0,5200100
2025-07-20,0.2,0,0.2,5200100
2025-07-27,0.03,0,0.03,5200100
2025-08-03,0.19,0,0.1,5200100
2025-08-10,0.0,0,0.0,5200100
2025-08-17,0.0,0,0.0,5200100
2025-08-24,0.13,0,0.09,5200100
2025-08-31,0.0,0,0.0,5200100
2025-09-07,0.0,0,0.0,5200100
2025-09-14,5.76,1,4.78,5200100
2025-09-21,11.260000000000002,3,4.23,5200100
2025-09-28,0.02,0,0.02,5200100
2025-10-05,0.62,0,0.53,5200100
2025-10-12,39.07,3,30.16,5200100
2025-10-19,2.79,2,1.28,5200100
2025-10-26,5.79,3,2.17,5200100
2025-11-02,38.0,5,22.97,5200100
2025-11-09,20.990000000000002,3,9.24,5200100
2025-11-16,7.889999999999999,2,4.06,5200100
2025-11-23,29.43,5,8.14,5200100
2025-11-30,102.36,6,26.09,5200100
2025-12-07,52.74,7,17.82,5200100
2025-12-14,21.509999999999998,7,6.85,5200100
2025-12-21,3.66,2,1.41,5200100
2025-12-28,20.020000000000003,4,11.14,5200100
2026-01-04,31.18,5,11.52,5200100
2026-01-11,19.75,5,8.94,5200100
2026-01-18,59.23,7,11.36,5200100
2026-01-25,80.32,6,17.86,5200100
2026-02-01,29.46,7,9.07,5200100
2026-02-08,30.330000000000002,5,9.26,5200100
2026-02-15,26.15,3,12.85,5200100
2026-02-22,48.79,7,10.29,5200100
2026-03-01,26.9,5,17.15,5200100
2026-03-08,42.3,7,16.08,5200100
2026-03-15,40.21,7,11.21,5200100
2026-03-22,15.22,5,6.0,5200100
2026-03-29,20.75,4,7.55,5200100
2026-04-05,7.669999999999999,3,4.18,5200100
2026-04-12,14.14,4,5.62,5200100
2026-04-19,1.19,0,0.85,5200100
2026-04-26,2.3400000000000003,1,2.06,5200100
2026-05-03,0.06,0,0.04,5200100
2026-05-10,1.08,0,0.81,5200100
2026-05-17,1.21,0,0.55,5200100
2026-05-24,0.33,0,0.11,5200100
2026-05-31,0.52,0,0.46,5200100
2026-06-07,10.17,2,8.92,5200100
2026-06-14,5.27,1,4.38,5200100
2026-06-21,0.4,0,0.19,5200100
2026-06-28,0.8300000000000001,0,0.68,5200100
2026-07-05,0.13,0,0.04,5200100
2026-07-12,0.35000000000000003,0,0.14,5200100
2026-07-19,0.21000000000000002,0,0.08,5200100
2026-07-26,0.04,0,0.04,5200100
2026-08-02,0.32,0,0.3,5200100
2026-08-09,0.0,0,0.0,5200100
2014-01-05,4.01,2,1.12,5200175
2014-01-12,22.18,3,13.06,5200175
2014-01-19,51.82,7,15.44,5200175
2014-01-26,3.3200000000000003,2,1.29,5200175
2014-02-02,2.87,1,2.81,5200175
2014-02-09,22.770000000000003,4,12.38,5200175
2014-02-16,64.13,7,12.82,5200175
2014-02-23,21.03,6,7.09,5200175
2014-03-02,72.25,7,21.01,5200175
2014-03-09,33.58,6,17.89,5200175
2014-03-16,47.05,7,11.4,5200175
2014-03-23,48.48,7,14.6,5200175
2014-03-30,40.34,7,11.71,5200175
2014-04-06,59.4,7,15.67,5200175
2014-04-13,19.27,3,12.81,5200175
2014-04-20,19.89,5,7.16,5200175
2014-04-27,0.05,0,0.05,5200175
2014-05-04,10.399999999999999,3,7.3,5200175
2014-05-11,0.09,0,0.09,5200175
2014-05-18,0.01,0,0.01,5200175
2014-05-25,1.58,0,0.81,5200175
2014-06-01,5.32,1,5.24,5200175
2014-06-08,0.0,0,0.0,5200175
2014-06-15,0.0,0,0.0,5200175
2014-06-22,0.0,0,0.0,5200175
2014-06-29,0.0,0,0.0,5200175
2014-07-06,0.0,0,0.0,5200175
2014-07-13,0.0,0,0.0,5200175
2014-07-20,1.09,1,1.05,5200175
2014-07-27,0.07,0,0.07,5200175
2014-08-03,0.0,0,0.0,5200175
2014-08-10,0.0,0,0.0,5200175
2014-08-17,0.0,0,0.0,5200175
2014-08-24,0.09,0,0.09,5200175
2014-08-31,11.35,1,11.24,5200175
2014-09-07,0.0,0,0.0,5200175
2014-09-14,0.0,0,0.0,5200175
2014-09-21,6.26,2,2.57,5200175
2014-09-28,7.4399999999999995,1,6.06,5200175
2014-10-05,0.0,0,0.0,5200175
2014-10-12,0.0,0,0.0,5200175
2014-10-19,15.2,2,7.58,5200175
2014-10-26,52.34,7,11.06,5200175
2014-11-02,17.45,3,7.63,5200175
2014-11-09,35.86,7,10.86,5200175
2014-11-16,27.67,5,13.0,5200175
2014-11-23,64.69,7,20.19,5200175
2014-11-30,35.43,5,16.41,5200175
2014-12-07,31.369999999999997,6,8.45,5200175
2014-12-14,71.92,7,33.67,5200175
2014-12-21,30.98,4,15.24,5200175
2014-12-28,21.65,3,14.62,5200175
2015-01-04,1.24,0,0.86,5200175
2015-01-11,0.04,0,0.02,5200175
2015-01-18,13.37,3,8.95,5200175
2015-01-25,21.61,5,6.79,5200175
2015-02-01,53.91,5,24.08,5200175
2015-02-08,9.71,3,6.41,5200175
2015-02-15,28.94,4,9.44,5200175
2015-02-22,14.509999999999998,3,5.22,5200175
2015-03-01,24.82,6,7.07,5200175
2015-03-08,26.77,6,9.03,5200175
2015-03-15,54.32,7,19.55,5200175
2015-03-22,16.63,6,4.16,5200175
2015-03-29,16.08,4,6.51,5200175
2015-04-05,26.46,5,12.89,5200175
2015-04-12,37.69,5,10.9,5200175
2015-04-19,28.39,7,7.89,5200175
2015-04-26,28.79,7,8.36,5200175
2015-05-03,17.560000000000002,5,4.95,5200175
2015-05-10,1.76,0,0.7,5200175
2015-05-17,0.0,0,0.0,5200175
2015-05-24,1.23,0,0.98,5200175
2015-05-31,0.0,0,0.0,5200175
2015-06-07,0.0,0,0.0,5200175
2015-06-14,0.03,0,0.02,5200175
2015-06-21,0.0,0,0.0,5200175
2015-06-28,0.0,0,0.0,5200175
2015-07-05,0.12,0,0.09,5200175
2015-07-12,0.0,0,0.0,5200175
2015-07-19,0.0,0,0.0,5200175
2015-07-26,0.0,0,0.0,5200175
2015-08-02,0.01,0,0.01,5200175
2015-08-09,0.0,0,0.0,5200175
2015-08-16,0.0,0,0.0,5200175
2015-08-23,0.01,0,0.01,5200175
2015-08-30,0.0,0,0.0,5200175
2015-09-06,0.59,0,0.36,5200175
2015-09-13,5.63,2,4.51,5200175
2015-09-20,0.0,0,0.0,5200175
2015-09-27,2.0,0,0.97,5200175
2015-10-04,6.640000000000001,2,4.0,5200175
2015-10-11,0.0,0,0.0,5200175
2015-10-18,7.9,2,3.83,5200175
2015-10-25,57.02,6,20.25,5200175
2015-11-01,14.36,3,7.54,5200175
2015-11-08,5.21,3,2.71,5200175
2015-11-15,49.62,6,23.48,5200175
2015-11-22,77.94,7,23.3,5200175
2015-11-29,19.82,5,6.14,5200175
2015-12-06,18.099999999999998,4,11.26,5200175
2015-12-13,17.28,4,5.4,5200175
2015-12-20,18.38,4,7.2,5200175
2015-12-27,25.15,5,13.16,5200175
2016-01-03,103.59,7,25.47,5200175
2016-01-10,80.51,7,19.47,5200175
2016-01-17,139.94,7,68.3,5200175
2016-01-24,52.21,6,19.53,5200175
2016-01-31,12.520000000000001,4,5.7,5200175
2016-02-07,42.33,4,18.47,5200175
2016-02-14,13.82,2,10.55,5200175
2016-02-21,10.84,3,5.02,5200175
2016-02-28,39.06,4,17.53,5200175
2016-03-06,88.33,6,39.54,5200175
2016-03-13,11.370000000000001,2,9.48,5200175
2016-03-20,16.28,3,7.62,5200175
2016-03-27,0.26,0,0.25,5200175
2016-04-03,0.37,0,0.35,5200175
2016-04-10,0.53,0,0.53,5200175
2016-04-17,0.0,0,0.0,5200175
2016-04-24,8.99,3,3.88,5200175
2016-05-01,0.0,0,0.0,5200175
2016-05-08,0.01,0,0.01,5200175
2016-05-15,2.4299999999999997,1,1.91,5200175
2016-05-22,0.0,0,0.0,5200175
2016-05-29,0.0,0,0.0,5200175
2016-06-05,1.57,0,0.78,5200175
2016-06-12,0.45999999999999996,0,0.25,5200175
2016-06-19,0.0,0,0.0,5200175
2016-06-26,0.0,0,0.0,5200175
2016-07-03,0.0,0,0.0,5200175
2016-07-10,0.0,0,0.0,5200175
2016-07-17,0.0,0,0.0,5200175
2016-07-24,0.0,0,0.0,5200175
2016-07-31,0.0,0,0.0,5200175
2016-08-07,0.36,0,0.36,5200175
2016-08-14,0.66,0,0.63,5200175
2016-08-21,2.94,1,2.46,5200175
2016-08-28,2.25,1,1.08,5200175
2016-09-04,0.0,0,0.0,5200175
2016-09-11,0.01,0,0.01,5200175
2016-09-18,9.39,2,5.79,5200175
2016-09-25,12.64,4,5.62,5200175
2016-10-02,30.63,3,14.43,5200175
2016-10-09,1.3900000000000001,0,0.67,5200175
2016-10-16,26.869999999999997,4,14.85,5200175
2016-10-23,18.83,3,11.98,5200175
2016-10-30,9.0,3,5.8,5200175
2016-11-06,52.84,6,22.85,5200175
2016-11-13,61.14,6,18.34,5200175
2016-11-20,55.6,7,11.53,5200175
2016-11-27,45.67,7,13.44,5200175
2016-12-04,34.0,7,11.06,5200175
2016-12-11,63.91,5,31.34,5200175
2016-12-18,6.01,2,4.55,5200175
2016-12-25,14.08,4,4.95,5200175
2017-01-01,9.08,2,4.91,5200175
2017-01-08,13.030000000000001,3,5.03,5200175
2017-01-15,53.6,4,31.51,5200175
2017-01-22,19.400000000000002,5,8.97,5200175
2017-01-29,25.8,4,10.64,5200175
2017-02-05,74.99000000000001,7,20.92,5200175
2017-02-12,22.7,4,12.44,5200175
2017-02-19,12.57,3,4.26,5200175
2017-02-26,21.23,6,9.5,5200175
2017-03-05,2.71,1,2.08,5200175
2017-03-12,24.689999999999998,5,8.79,5200175
2017-03-19,25.62,4,8.81,5200175
2017-03-26,61.9,6,23.84,5200175
2017-04-02,15.719999999999999,4,5.26,5200175
2017-04-09,0.36,0,0.32,5200175
2017-04-16,1.55,0,0.79,5200175
2017-04-23,10.86,5,2.58,5200175
2017-04-30,0.07,0,0.02,5200175
2017-05-07,0.6900000000000001,0,0.26,5200175
2017-05-14,34.54,5,20.91,5200175
2017-05-21,1.04,1,1.02,5200175
2017-05-28,0.0,0,0.0,5200175
2017-06-04,0.0,0,0.0,5200175
2017-06-11,0.0,0,0.0,5200175
2017-06-18,0.01,0,0.01,5200175
2017-06-25,0.0,0,0.0,5200175
2017-07-02,0.0,0,0.0,5200175
2017-07-09,0.0,0,0.0,5200175
2017-07-16,0.0,0,0.0,5200175
2017-07-23,0.0,0,0.0,5200175
2017-07-30,0.0,0,0.0,5200175
2017-08-06,0.0,0,0.0,5200175
2017-08-13,0.0,0,0.0,5200175
2017-08-20,0.03,0,0.03,5200175
2017-08-27,0.0,0,0.0,5200175
2017-09-03,0.0,0,0.0,5200175
2017-09-10,0.0,0,0.0,5200175
2017-09-17,0.01,0,0.01,5200175
2017-09-24,2.99,1,2.12,5200175
2017-10-01,6.3100000000000005,2,3.75,5200175
2017-10-08,0.0,0,0.0,5200175
2017-10-15,0.0,0,0.0,5200175
2017-10-22,6.17,2,5.1,5200175
2017-10-29,31.45,6,14.87,5200175
2017-11-05,108.36,7,29.67,5200175
2017-11-12,30.57,7,9.0,5200175
2017-11-19,35.14,7,7.85,5200175
2017-11-26,35.42,5,16.99,5200175
2017-12-03,34.88,7,9.7,5200175
2017-12-10,93.32000000000001,7,20.26,5200175
2017-12-17,15.309999999999999,3,5.05,5200175
2017-12-24,13.819999999999999,3,8.29,5200175
2017-12-31,37.35,7,11.67,5200175
2018-01-07,21.34,3,13.57,5200175
2018-01-14,5.17,2,3.64,5200175
2018-01-21,25.23,4,9.72,5200175
2018-01-28,62.16,7,21.25,5200175
2018-02-04,62.91,6,35.36,5200175
2018-02-11,0.17,0,0.14,5200175
2018-02-18,47.4,6,13.97,5200175
2018-02-25,32.24,3,23.73,5200175
2018-03-04,30.2,5,13.0,5200175
2018-03-11,48.24,7,11.01,5200175
2018-03-18,41.84,7,15.54,5200175
2018-03-25,9.82,3,4.27,5200175
2018-04-01,39.39,6,16.54,5200175
2018-04-08,42.08,7,20.68,5200175
2018-04-15,3.2800000000000002,1,2.58,5200175
2018-04-22,1.3599999999999999,0,0.47,5200175
2018-04-29,0.15,0,0.12,5200175
2018-05-06,0.0,0,0.0,5200175
2018-05-13,9.98,1,9.92,5200175
2018-05-20,0.68,0,0.68,5200175
2018-05-27,0.0,0,0.0,5200175
2018-06-03,0.0,0,0.0,5200175
2018-06-10,0.0,0,0.0,5200175
2018-06-17,0.0,0,0.0,5200175
2018-06-24,0.1,0,0.1,5200175
2018-07-01,0.03,0,0.03,5200175
2018-07-08,0.0,0,0.0,5200175
2018-07-15,0.0,0,0.0,5200175
2018-07-22,0.0,0,0.0,5200175
2018-07-29,0.0,0,0.0,5200175
2018-08-05,0.54,0,0.23,5200175
2018-08-12,14.22,3,7.74,5200175
2018-08-19,0.51,0,0.3,5200175
2018-08-26,0.01,0,0.01,5200175
2018-09-02,0.75,0,0.36,5200175
2018-09-09,0.03,0,0.02,5200175
2018-09-16,8.05,4,3.54,5200175
2018-09-23,0.21000000000000002,0,0.2,5200175
2018-09-30,7.5600000000000005,5,2.02,5200175
2018-10-07,1.51,0,0.8,5200175
2018-10-14,24.45,7,5.83,5200175
2018-10-21,37.190000000000005,6,14.71,5200175
2018-10-28,28.97,5,11.39,5200175
2018-11-04,77.14,7,30.82,5200175
2018-11-11,54.77,7,15.32,5200175
2018-11-18,17.66,4,7.4,5200175
2018-11-25,26.759999999999998,4,8.76,5200175
2018-12-02,44.96,7,12.74,5200175
2018-12-09,25.67,3,11.76,5200175
2018-12-16,2.7600000000000002,1,2.64,5200175
2018-12-23,32.45,7,10.97,5200175
2018-12-30,23.45,4,9.16,5200175
2019-01-06,18.54,5,7.21,5200175
2019-01-13,2.75,1,1.51,5200175
2019-01-20,7.87,2,5.24,5200175
2019-01-27,4.66,1,4.44,5200175
2019-02-03,61.650000000000006,7,19.89,5200175
2019-02-10,25.619999999999997,4,10.9,5200175
2019-02-17,30.23,7,7.67,5200175
2019-02-24,40.99,6,18.93,5200175
2019-03-03,32.93,4,9.84,5200175
2019-03-10,21.43,6,6.78,5200175
2019-03-17,50.0,6,21.23,5200175
2019-03-24,63.67,5,24.79,5200175
2019-03-31,11.15,3,3.91,5200175
2019-04-07,65.32,7,21.75,5200175
2019-04-14,38.07,5,28.1,5200175
2019-04-21,11.47,3,4.59,5200175
2019-04-28,26.72,5,11.92,5200175
2019-05-05,0.27999999999999997,0,0.16,5200175
2019-05-12,3.66,1,1.78,5200175
2019-05-19,0.44,0,0.23,5200175
2019-05-26,0.01,0,0.01,5200175
2019-06-02,1.01,0,0.68,5200175
2019-06-09,0.0,0,0.0,5200175
2019-06-16,0.01,0,0.01,5200175
2019-06-23,0.0,0,0.0,5200175
2019-06-30,0.06,0,0.03,5200175
2019-07-07,0.0,0,0.0,5200175
2019-07-14,0.0,0,0.0,5200175
2019-07-21,0.0,0,0.0,5200175
2019-07-28,0.0,0,0.0,5200175
2019-08-04,0.01,0,0.01,5200175
2019-08-11,0.0,0,0.0,5200175
2019-08-18,0.0,0,0.0,5200175
2019-08-25,0.0,0,0.0,5200175
2019-09-01,0.0,0,0.0,5200175
2019-09-08,0.0,0,0.0,5200175
2019-09-15,0.0,0,0.0,5200175
2019-09-22,2.2,1,1.46,5200175
2019-09-29,8.32,3,4.13,5200175
2019-10-06,4.85,1,2.6,5200175
2019-10-13,0.0,0,0.0,5200175
2019-10-20,32.4,4,10.93,5200175
2019-10-27,1.38,0,0.49,5200175
2019-11-03,20.55,5,6.61,5200175
2019-11-10,11.98,2,8.97,5200175
2019-11-17,47.27,6,15.89,5200175
2019-11-24,47.629999999999995,7,10.11,5200175
2019-12-01,39.1,7,9.67,5200175
2019-12-08,41.04,5,18.98,5200175
2019-12-15,9.65,2,5.0,5200175
2019-12-22,17.01,3,10.35,5200175
2019-12-29,28.2,5,13.02,5200175
2020-01-05,36.74,6,21.5,5200175
2020-01-12,1.6300000000000001,1,1.29,5200175
2020-01-19,48.99,5,13.88,5200175
2020-01-26,21.68,4,14.74,5200175
2020-02-02,61.96,6,17.52,5200175
2020-02-09,18.54,4,6.07,5200175
2020-02-16,13.09,6,4.6,5200175
2020-02-23,33.56,6,10.83,5200175
2020-03-01,68.88,6,28.08,5200175
2020-03-08,53.779999999999994,6,23.74,5200175
2020-03-15,18.78,3,6.34,5200175
2020-03-22,108.89,7,38.68,5200175
2020-03-29,6.86,2,5.62,5200175
2020-04-05,22.96,7,5.57,5200175
2020-04-12,48.379999999999995,7,17.31,5200175
2020-04-19,37.64,6,16.32,5200175
2020-04-26,0.04,0,0.01,5200175
2020-05-03,2.27,1,1.59,5200175
2020-05-10,5.49,3,2.39,5200175
2020-05-17,1.72,1,1.05,5200175
2020-05-24,3.6200000000000006,2,2.14,5200175
2020-05-31,0.05,0,0.02,5200175
2020-06-07,0.03,0,0.01,5200175
2020-06-14,0.08,0,0.04,5200175
2020-06-21,0.26999999999999996,0,0.15,5200175
2020-06-28,0.01,0,0.01,5200175
2020-07-05,0.01,0,0.01,5200175
2020-07-12,0.09,0,0.09,5200175
2020-07-19,0.15,0,0.15,5200175
2020-07-26,0.13,0,0.06,5200175
2020-08-02,8.41,3,4.06,5200175
2020-08-09,9.93,3,4.82,5200175
2020-08-16,15.94,3,5.96,5200175
2020-08-23,10.75,4,4.23,5200175
2020-08-30,11.94,2,7.04,5200175
2020-09-06,1.42,1,1.42,5200175
2020-09-13,5.3100000000000005,3,2.42,5200175
2020-09-20,18.25,4,6.64,5200175
2020-09-27,1.38,0,0.94,5200175
2020-10-04,5.17,1,4.74,5200175
2020-10-11,47.370000000000005,5,25.21,5200175
2020-10-18,41.92,7,14.33,5200175
2020-10-25,66.42,7,17.03,5200175
2020-11-01,41.96,7,13.39,5200175
2020-11-08,17.1,4,7.07,5200175
2020-11-15,32.08,6,10.6,5200175
2020-11-22,20.12,4,7.65,5200175
2020-11-29,8.96,2,4.62,5200175
2020-12-06,43.58,7,12.99,5200175
2020-12-13,13.06,6,4.68,5200175
2020-12-20,51.85,7,16.25,5200175
2020-12-27,7.32,2,4.5,5200175
2021-01-03,15.92,5,5.99,5200175
2021-01-10,29.84,7,9.33,5200175
2021-01-17,3.57,2,1.77,5200175
2021-01-24,6.76,2,3.73,5200175
2021-01-31,15.83,7,3.72,5200175
2021-02-07,38.96,6,10.63,5200175
2021-02-14,69.48,7,14.95,5200175
2021-02-21,58.59,7,22.21,5200175
2021-02-28,16.68,2,14.84,5200175
2021-03-07,13.81,5,4.32,5200175
2021-03-14,15.389999999999999,5,5.41,5200175
2021-03-21,0.23,0,0.22,5200175
2021-03-28,12.02,3,6.53,5200175
2021-04-04,29.25,4,13.15,5200175
2021-04-11,0.7300000000000001,0,0.54,5200175
2021-04-18,13.1,3,5.81,5200175
2021-04-25,12.74,3,5.5,5200175
2021-05-02,0.09,0,0.05,5200175
2021-05-09,0.0,0,0.0,5200175
2021-05-16,0.07,0,0.07,5200175
2021-05-23,0.0,0,0.0,5200175
2021-05-30,0.0,0,0.0,5200175
2021-06-06,0.09,0,0.05,5200175
2021-06-13,13.66,2,6.75,5200175
2021-06-20,0.01,0,0.01,5200175
2021-06-27,0.0,0,0.0,5200175
2021-07-04,0.0,0,0.0,5200175
2021-07-11,0.0,0,0.0,5200175
2021-07-18,0.02,0,0.01,5200175
2021-07-25,0.060000000000000005,0,0.02,5200175
2021-08-01,0.09,0,0.02,5200175
2021-08-08,0.1,0,0.03,5200175
2021-08-15,0.75,0,0.65,5200175
2021-08-22,0.0,0,0.0,5200175
2021-08-29,0.72,0,0.47,5200175
2021-09-05,0.0,0,0.0,5200175
2021-09-12,0.0,0,0.0,5200175
2021-09-19,7.76,2,5.16,5200175
2021-09-26,7.43,1,6.03,5200175
2021-10-03,2.15,0,0.62,5200175
2021-10-10,44.69,6,19.31,5200175
2021-10-17,30.66,6,9.96,5200175
2021-10-24,20.08,4,10.12,5200175
2021-10-31,38.18,7,9.61,5200175
2021-11-07,95.71,7,27.82,5200175
2021-11-14,34.84,7,10.85,5200175
2021-11-21,16.82,4,7.67,5200175
2021-11-28,106.43,6,46.92,5200175
2021-12-05,57.82,7,14.73,5200175
2021-12-12,53.019999999999996,7,18.57,5200175
2021-12-19,115.77,7,41.27,5200175
2021-12-26,113.17999999999999,7,29.82,5200175
2022-01-02,93.09,7,23.32,5200175
2022-01-09,48.04,5,20.61,5200175
2022-01-16,3.94,2,1.69,5200175
2022-01-23,22.09,4,8.8,5200175
2022-01-30,33.99,7,8.68,5200175
2022-02-06,47.07,7,11.09,5200175
2022-02-13,68.58,7,22.73,5200175
2022-02-20,15.81,5,6.29,5200175
2022-02-27,10.23,4,3.59,5200175
2022-03-06,13.55,4,4.75,5200175
2022-03-13,10.24,5,3.4,5200175
2022-03-20,3.04,0,0.91,5200175
2022-03-27,0.15,0,0.04,5200175
2022-04-03,1.52,0,0.93,5200175
2022-04-10,22.4,7,5.82,5200175
2022-04-17,4.62,2,3.11,5200175
2022-04-24,0.39,0,0.32,5200175
2022-05-01,1.69,0,0.93,5200175
2022-05-08,0.05,0,0.03,5200175
2022-05-15,1.05,0,0.77,5200175
2022-05-22,0.16,0,0.14,5200175
2022-05-29,0.08,0,0.08,5200175
2022-06-05,0.33,0,0.23,5200175
2022-06-12,0.08,0,0.08,5200175
2022-06-19,0.0,0,0.0,5200175
2022-06-26,0.01,0,0.01,5200175
2022-07-03,0.0,0,0.0,5200175
2022-07-10,0.0,0,0.0,5200175
2022-07-17,0.02,0,0.02,5200175
2022-07-24,0.0,0,0.0,5200175
2022-07-31,0.01,0,0.01,5200175
2022-08-07,0.0,0,0.0,5200175
2022-08-14,0.0,0,0.0,5200175
2022-08-21,0.03,0,0.02,5200175
2022-08-28,0.02,0,0.02,5200175
2022-09-04,0.0,0,0.0,5200175
2022-09-11,0.81,0,0.79,5200175
2022-09-18,29.52,7,9.01,5200175
2022-09-25,3.0999999999999996,1,2.53,5200175
2022-10-02,14.09,5,6.26,5200175
2022-10-09,0.92,0,0.92,5200175
2022-10-16,1.98,1,1.13,5200175
2022-10-23,13.95,5,4.14,5200175
2022-10-30,76.19,5,45.95,5200175
2022-11-06,37.51,6,9.18,5200175
2022-11-13,46.7,7,10.32,5200175
2022-11-20,60.21,7,18.51,5200175
2022-11-27,71.99000000000001,7,30.96,5200175
2022-12-04,66.42999999999999,7,30.74,5200175
2022-12-11,64.57,7,26.43,5200175
2022-12-18,55.14,7,12.96,5200175
2022-12-25,59.28,6,22.16,5200175
2023-01-01,23.75,6,5.31,5200175
2023-01-08,25.21,6,11.71,5200175
2023-01-15,16.17,5,6.47,5200175
2023-01-22,61.28,7,16.48,5200175
2023-01-29,11.879999999999999,3,5.6,5200175
2023-02-05,15.66,5,5.37,5200175
2023-02-12,41.34,5,14.4,5200175
2023-02-19,36.239999999999995,7,10.67,5200175
2023-02-26,20.36,5,8.85,5200175
2023-03-05,32.68,4,15.6,5200175
2023-03-12,45.81999999999999,6,17.65,5200175
2023-03-19,21.7,4,12.05,5200175
2023-03-26,6.51,3,3.4,5200175
2023-04-02,37.93,6,13.83,5200175
2023-04-09,28.36,6,11.77,5200175
2023-04-16,10.200000000000001,4,4.48,5200175
2023-04-23,4.65,3,1.39,5200175
2023-04-30,17.77,2,9.43,5200175
2023-05-07,1.05,0,0.88,5200175
2023-05-14,0.16999999999999998,0,0.09,5200175
2023-05-21,0.02,0,0.01,5200175
2023-05-28,0.06,0,0.03,5200175
2023-06-04,0.19,0,0.08,5200175
2023-06-11,0.39,0,0.24,5200175
2023-06-18,0.31000000000000005,0,0.14,5200175
2023-06-25,0.03,0,0.03,5200175
2023-07-02,0.09,0,0.04,5200175
2023-07-09,0.0,0,0.0,5200175
2023-07-16,0.0,0,0.0,5200175
2023-07-23,0.0,0,0.0,5200175
2023-07-30,0.02,0,0.02,5200175
2023-08-06,0.28,0,0.14,5200175
2023-08-13,0.29,0,0.11,5200175
2023-08-20,5.96,2,3.65,5200175
2023-08-27,37.88,7,15.93,5200175
2023-09-03,9.379999999999999,3,3.18,5200175
2023-09-10,3.1999999999999997,1,2.76,5200175
2023-09-17,0.38,0,0.19,5200175
2023-09-24,19.96,3,10.29,5200175
2023-10-01,25.529999999999998,6,8.12,5200175
2023-10-08,9.35,4,3.76,5200175
2023-10-15,7.33,2,5.57,5200175
2023-10-22,15.82,4,6.61,5200175
2023-10-29,14.1,4,4.75,5200175
2023-11-05,2.5599999999999996,1,1.4,5200175
2023-11-12,1.87,0,0.94,5200175
2023-11-19,25.9,6,8.49,5200175
2023-11-26,14.08,4,5.71,5200175
2023-12-03,17.009999999999998,5,10.44,5200175
2023-12-10,11.42,2,6.08,5200175
2023-12-17,43.72,6,22.43,5200175
2023-12-24,21.759999999999998,6,8.33,5200175
2023-12-31,81.88,7,24.98,5200175
2024-01-07,46.45,7,10.94,5200175
2024-01-14,8.11,3,3.13,5200175
2024-01-21,33.77,7,9.49,5200175
2024-01-28,23.96,5,6.79,5200175
2024-02-04,44.23,7,13.7,5200175
2024-02-11,17.13,2,12.08,5200175
2024-02-18,48.32,7,13.92,5200175
2024-02-25,2.75,1,2.05,5200175
2024-03-03,44.12,4,13.24,5200175
2024-03-10,35.5,4,14.72,5200175
2024-03-17,38.480000000000004,7,12.59,5200175
2024-03-24,42.199999999999996,6,19.88,5200175
2024-03-31,29.0,6,8.82,5200175
2024-04-07,17.94,3,7.22,5200175
2024-04-14,1.07,0,0.47,5200175
2024-04-21,0.06,0,0.03,5200175
2024-04-28,0.03,0,0.03,5200175
2024-05-05,0.03,0,0.03,5200175
2024-05-12,0.19,0,0.14,5200175
2024-05-19,0.05,0,0.05,5200175
2024-05-26,1.15,0,0.85,5200175
2024-06-02,0.44999999999999996,0,0.35,5200175
2024-06-09,0.0,0,0.0,5200175
2024-06-16,0.0,0,0.0,5200175
2024-06-23,0.0,0,0.0,5200175
2024-06-30,0.14,0,0.14,5200175
2024-07-07,0.24,0,0.24,5200175
2024-07-14,0.0,0,0.0,5200175
2024-07-21,0.02,0,0.02,5200175
2024-07-28,0.0,0,0.0,5200175
2024-08-04,0.45,0,0.43,5200175
2024-08-11,0.0,0,0.0,5200175
2024-08-18,0.0,0,0.0,5200175
2024-08-25,0.04,0,0.04,5200175
2024-09-01,0.0,0,0.0,5200175
2024-09-08,0.6,0,0.47,5200175
2024-09-15,0.04,0,0.03,5200175
2024-09-22,0.02,0,0.01,5200175
2024-09-29,0.17,0,0.14,5200175
2024-10-06,31.66,5,14.42,5200175
2024-10-13,17.34,6,6.98,5200175
2024-10-20,47.48,6,17.15,5200175
2024-10-27,35.76,5,22.29,5200175
2024-11-03,31.14,6,12.15,5200175
2024-11-10,59.41,7,21.13,5200175
2024-11-17,40.19,7,14.16,5200175
2024-11-24,35.1,5,18.71,5200175
2024-12-01,14.129999999999999,4,6.35,5200175
2024-12-08,7.109999999999999,2,4.16,5200175
2024-12-15,43.370000000000005,7,9.01,5200175
2024-12-22,54.92,7,11.2,5200175
2024-12-29,39.68,7,15.73,5200175
2025-01-05,61.029999999999994,7,24.4,5200175
2025-01-12,65.57000000000001,7,22.55,5200175
2025-01-19,13.469999999999999,4,6.04,5200175
2025-01-26,51.55,5,20.54,5200175
2025-02-02,29.509999999999998,2,18.53,5200175
2025-02-09,9.780000000000001,3,5.3,5200175
2025-02-16,5.83,2,2.84,5200175
2025-02-23,1.27,1,1.0,5200175
2025-03-02,0.17,0,0.16,5200175
2025-03-09,5.27,3,2.01,5200175
2025-03-16,15.5,3,5.78,5200175
2025-03-23,35.15,7,10.48,5200175
2025-03-30,13.84,1,13.13,5200175
2025-04-06,8.67,3,3.93,5200175
2025-04-13,29.44,6,14.3,5200175
2025-04-20,11.04,2,6.97,5200175
2025-04-27,9.76,3,6.08,5200175
2025-05-04,0.02,0,0.01,5200175
2025-05-11,0.14,0,0.09,5200175
2025-05-18,0.09,0,0.05,5200175
2025-05-25,0.03,0,0.03,5200175
2025-06-01,0.03,0,0.03,5200175
2025-06-08,39.72,3,22.22,5200175
2025-06-15,0.19,0,0.13,5200175
2025-06-22,0.05,0,0.05,5200175
2025-06-29,0.0,0,0.0,5200175
2025-07-06,0.0,0,0.0,5200175
2025-07-13,0.0,0,0.0,5200175
2025-07-20,0.01,0,0.01,5200175
2025-07-27,0.0,0,0.0,5200175
2025-08-03,0.0,0,0.0,5200175
2025-08-10,0.0,0,0.0,5200175
2025-08-17,1.01,0,0.94,5200175
2025-08-24,0.0,0,0.0,5200175
2025-08-31,0.0,0,0.0,5200175
2025-09-07,0.04,0,0.04,5200175
2025-09-14,1.02,0,0.5,5200175
2025-09-21,4.430000000000001,1,2.91,5200175
2025-09-28,0.32,0,0.17,5200175
2025-10-05,0.0,0,0.0,5200175
2025-10-12,9.31,3,4.11,5200175
2025-10-19,44.16,2,26.61,5200175
2025-10-26,0.38,0,0.15,5200175
2025-11-02,45.949999999999996,6,28.79,5200175
2025-11-09,3.47,2,1.53,5200175
2025-11-16,8.82,2,4.29,5200175
2025-11-23,52.8,7,12.95,5200175
2025-11-30,121.98,7,29.32,5200175
2025-12-07,45.79,4,23.48,5200175
2025-12-14,42.6,7,11.35,5200175
2025-12-21,2.39,1,1.02,5200175
2025-12-28,12.35,4,5.34,5200175
2026-01-04,30.19,5,10.72,5200175
2026-01-11,5.01,3,2.05,5200175
2026-01-18,50.03,7,14.63,5200175
2026-01-25,27.19,6,6.76,5200175
2026-02-01,30.53,5,10.9,5200175
2026-02-08,15.69,4,5.78,5200175
2026-02-15,17.49,4,6.14,5200175
2026-02-22,29.689999999999998,6,7.27,5200175
2026-03-01,31.34,7,13.89,5200175
2026-03-08,31.64,7,12.46,5200175
2026-03-15,38.71,7,13.37,5200175
2026-03-22,21.28,4,9.88,5200175
2026-03-29,11.200000000000001,3,5.91,5200175
2026-04-05,18.9,4,11.76,5200175
2026-04-12,2.55,1,1.12,5200175
2026-04-19,0.44,0,0.44,5200175
2026-04-26,4.11,1,3.93,5200175
2026-05-03,0.0,0,0.0,5200175
2026-05-10,1.27,0,0.97,5200175
2026-05-17,0.11,0,0.06,5200175
2026-05-24,0.15,0,0.1,5200175
2026-05-31,0.01,0,0.01,5200175
2026-06-07,3.65,2,2.02,5200175
2026-06-14,3.5500000000000003,1,3.33,5200175
2026-06-21,0.1,0,0.06,5200175
2026-06-28,0.19999999999999998,0,0.15,5200175
2026-07-05,0.03,0,0.03,5200175
2026-07-12,0.0,0,0.0,5200175
2026-07-19,0.03,0,0.03,5200175
2026-07-26,0.4,0,0.21,5200175
2026-08-02,0.30000000000000004,0,0.16,5200175
2026-08-09,0.01,0,0.01,5200175
2014-01-05,5.89,1,4.1,5200258
2014-01-12,21.9,4,9.98,5200258
2014-01-19,51.629999999999995,6,17.07,5200258
2014-01-26,3.2,2,1.48,5200258
2014-02-02,0.8200000000000001,0,0.77,5200258
2014-02-09,22.27,4,10.18,5200258
2014-02-16,58.16,7,12.54,5200258
2014-02-23,20.69,6,6.71,5200258
2014-03-02,76.31,7,25.49,5200258
2014-03-09,37.44,5,21.3,5200258
2014-03-16,47.21,6,14.83,5200258
2014-03-23,53.58,7,23.19,5200258
2014-03-30,61.18,7,13.5,5200258
2014-04-06,59.03,7,13.1,5200258
2014-04-13,24.44,6,11.57,5200258
2014-04-20,34.58,5,14.62,5200258
2014-04-27,0.56,0,0.56,5200258
2014-05-04,3.1,1,2.31,5200258
2014-05-11,0.06999999999999999,0,0.06,5200258
2014-05-18,0.09000000000000001,0,0.07,5200258
2014-05-25,1.6,0,0.91,5200258
2014-06-01,5.88,1,5.75,5200258
2014-06-08,0.0,0,0.0,5200258
2014-06-15,0.01,0,0.01,5200258
2014-06-22,0.0,0,0.0,5200258
2014-06-29,0.0,0,0.0,5200258
2014-07-06,0.0,0,0.0,5200258
2014-07-13,0.0,0,0.0,5200258
2014-07-20,1.91,1,1.76,5200258
2014-07-27,0.52,0,0.52,5200258
2014-08-03,0.0,0,0.0,5200258
2014-08-10,0.0,0,0.0,5200258
2014-08-17,0.0,0,0.0,5200258
2014-08-24,0.33,0,0.25,5200258
2014-08-31,11.16,2,9.41,5200258
2014-09-07,0.0,0,0.0,5200258
2014-09-14,0.06,0,0.03,5200258
2014-09-21,8.02,3,4.37,5200258
2014-09-28,14.63,3,11.44,5200258
2014-10-05,0.0,0,0.0,5200258
2014-10-12,0.0,0,0.0,5200258
2014-10-19,20.66,5,7.41,5200258
2014-10-26,50.53,6,12.38,5200258
2014-11-02,20.189999999999998,5,6.76,5200258
2014-11-09,47.449999999999996,7,11.61,5200258
2014-11-16,32.790000000000006,5,16.35,5200258
2014-11-23,69.56,7,18.31,5200258
2014-11-30,49.42,5,26.06,5200258
2014-12-07,44.46,7,10.51,5200258
2014-12-14,83.64999999999999,7,36.15,5200258
2014-12-21,35.64,4,16.76,5200258
2014-12-28,18.11,5,8.51,5200258
2015-01-04,3.65,1,3.33,5200258
2015-01-11,1.41,1,1.13,5200258
2015-01-18,17.1,5,6.62,5200258
2015-01-25,33.08,5,12.79,5200258
2015-02-01,72.4,5,25.71,5200258
2015-02-08,19.0,3,8.5,5200258
2015-02-15,35.65,6,15.34,5200258
2015-02-22,20.54,4,7.79,5200258
2015-03-01,23.25,6,7.62,5200258
2015-03-08,65.07,7,27.16,5200258
2015-03-15,56.08,7,22.46,5200258
2015-03-22,33.22,6,10.56,5200258
2015-03-29,21.400000000000002,5,8.72,5200258
2015-04-05,43.32,5,25.73,5200258
2015-04-12,31.269999999999996,7,10.04,5200258
2015-04-19,31.07,7,7.85,5200258
2015-04-26,21.42,5,7.61,5200258
2015-05-03,13.13,3,5.4,5200258
2015-05-10,7.01,2,3.89,5200258
2015-05-17,0.060000000000000005,0,0.05,5200258
2015-05-24,1.66,1,1.23,5200258
2015-05-31,0.22999999999999998,0,0.13,5200258
2015-06-07,0.0,0,0.0,5200258
2015-06-14,0.27,0,0.25,5200258
2015-06-21,0.0,0,0.0,5200258
2015-06-28,0.0,0,0.0,5200258
2015-07-05,0.53,0,0.5,5200258
2015-07-12,0.0,0,0.0,5200258
2015-07-19,0.0,0,0.0,5200258
2015-07-26,0.12000000000000001,0,0.1,5200258
2015-08-02,0.0,0,0.0,5200258
2015-08-09,0.0,0,0.0,5200258
2015-08-16,0.01,0,0.01,5200258
2015-08-23,0.26,0,0.1,5200258
2015-08-30,0.03,0,0.02,5200258
2015-09-06,6.5,3,3.1,5200258
2015-09-13,11.03,2,9.49,5200258
2015-09-20,0.0,0,0.0,5200258
2015-09-27,6.58,2,4.76,5200258
2015-10-04,9.09,2,6.54,5200258
2015-10-11,0.0,0,0.0,5200258
2015-10-18,6.74,2,4.38,5200258
2015-10-25,82.67,7,16.26,5200258
2015-11-01,25.330000000000002,5,12.48,5200258
2015-11-08,5.35,2,3.16,5200258
2015-11-15,48.589999999999996,6,13.5,5200258
2015-11-22,68.94,7,22.44,5200258
2015-11-29,33.23,5,10.12,5200258
2015-12-06,21.220000000000002,7,6.79,5200258
2015-12-13,26.08,4,7.75,5200258
2015-12-20,38.49,4,12.34,5200258
2015-12-27,48.6,6,23.45,5200258
2016-01-03,82.99,7,26.55,5200258
2016-01-10,74.97999999999999,7,20.15,5200258
2016-01-17,164.76,7,69.74,5200258
2016-01-24,68.08,6,19.62,5200258
2016-01-31,11.620000000000001,3,4.29,5200258
2016-02-07,32.18,4,11.45,5200258
2016-02-14,25.92,2,13.85,5200258
2016-02-21,23.41,4,11.5,5200258
2016-02-28,40.14,6,11.94,5200258
2016-03-06,99.89,7,45.46,5200258
2016-03-13,17.45,3,13.24,5200258
2016-03-20,16.38,3,7.72,5200258
2016-03-27,1.1300000000000001,1,1.09,5200258
2016-04-03,0.1,0,0.07,5200258
2016-04-10,0.0,0,0.0,5200258
2016-04-17,0.0,0,0.0,5200258
2016-04-24,6.21,2,4.0,5200258
2016-05-01,0.0,0,0.0,5200258
2016-05-08,0.59,0,0.58,5200258
2016-05-15,5.0,2,3.79,5200258
2016-05-22,0.0,0,0.0,5200258
2016-05-29,0.0,0,0.0,5200258
2016-06-05,0.29,0,0.18,5200258
2016-06-12,0.0,0,0.0,5200258
2016-06-19,0.0,0,0.0,5200258
2016-06-26,0.0,0,0.0,5200258
2016-07-03,0.0,0,0.0,5200258
2016-07-10,0.0,0,0.0,5200258
2016-07-17,0.0,0,0.0,5200258
2016-07-24,0.0,0,0.0,5200258
2016-07-31,0.0,0,0.0,5200258
2016-08-07,0.06,0,0.06,5200258
2016-08-14,5.52,2,2.64,5200258
2016-08-21,3.0300000000000002,2,1.67,5200258
2016-08-28,2.8200000000000003,1,1.49,5200258
2016-09-04,0.0,0,0.0,5200258
2016-09-11,0.21,0,0.21,5200258
2016-09-18,18.35,3,8.54,5200258
2016-09-25,13.17,4,3.67,5200258
2016-10-02,31.22,4,14.87,5200258
2016-10-09,2.8,1,1.41,5200258
2016-10-16,34.83,4,13.56,5200258
2016-10-23,24.4,5,10.18,5200258
2016-10-30,26.47,4,10.3,5200258
2016-11-06,78.24000000000001,7,24.21,5200258
2016-11-13,71.03999999999999,7,19.16,5200258
2016-11-20,71.1,7,12.13,5200258
2016-11-27,49.24,7,15.3,5200258
2016-12-04,38.269999999999996,6,10.78,5200258
2016-12-11,56.32,6,25.18,5200258
2016-12-18,5.5600000000000005,1,5.11,5200258
2016-12-25,19.52,4,7.75,5200258
2017-01-01,13.93,3,9.52,5200258
2017-01-08,18.94,5,7.53,5200258
2017-01-15,47.190000000000005,7,15.38,5200258
2017-01-22,41.76,7,10.53,5200258
2017-01-29,24.740000000000002,4,9.41,5200258
2017-02-05,91.69,7,35.12,5200258
2017-02-12,24.28,5,11.41,5200258
2017-02-19,18.47,4,8.36,5200258
2017-02-26,49.75,6,21.11,5200258
2017-03-05,5.54,2,3.91,5200258
2017-03-12,34.51,6,14.98,5200258
2017-03-19,26.14,6,8.25,5200258
2017-03-26,67.87,7,19.85,5200258
2017-04-02,17.74,5,5.65,5200258
2017-04-09,2.34,1,1.93,5200258
2017-04-16,10.04,2,6.23,5200258
2017-04-23,16.44,5,5.07,5200258
2017-04-30,0.31,0,0.19,5200258
2017-05-07,1.1600000000000001,0,0.77,5200258
2017-05-14,25.0,6,9.23,5200258
2017-05-21,3.45,1,3.21,5200258
2017-05-28,0.1,0,0.03,5200258
2017-06-04,0.0,0,0.0,5200258
2017-06-11,0.01,0,0.01,5200258
2017-06-18,0.05,0,0.02,5200258
2017-06-25,0.03,0,0.03,5200258
2017-07-02,0.0,0,0.0,5200258
2017-07-09,0.33,0,0.33,5200258
2017-07-16,0.0,0,0.0,5200258
2017-07-23,0.02,0,0.02,5200258
2017-07-30,0.35000000000000003,0,0.28,5200258
2017-08-06,0.04,0,0.03,5200258
2017-08-13,0.0,0,0.0,5200258
2017-08-20,0.13999999999999999,0,0.12,5200258
2017-08-27,0.0,0,0.0,5200258
2017-09-03,0.0,0,0.0,5200258
2017-09-10,0.0,0,0.0,5200258
2017-09-17,0.02,0,0.02,5200258
2017-09-24,7.4799999999999995,2,4.72,5200258
2017-10-01,12.239999999999998,2,8.52,5200258
2017-10-08,0.0,0,0.0,5200258
2017-10-15,0.0,0,0.0,5200258
2017-10-22,6.7700000000000005,2,4.95,5200258
2017-10-29,28.14,6,9.56,5200258
2017-11-05,114.00999999999999,7,26.18,5200258
2017-11-12,37.67,6,13.26,5200258
2017-11-19,37.81,5,22.6,5200258
2017-11-26,61.67,6,26.98,5200258
2017-12-03,28.009999999999998,7,6.58,5200258
2017-12-10,125.75999999999999,7,35.66,5200258
2017-12-17,28.7,5,9.52,5200258
2017-12-24,20.75,5,8.26,5200258
2017-12-31,57.37,7,20.13,5200258
2018-01-07,21.13,4,10.44,5200258
2018-01-14,3.26,1,1.53,5200258
2018-01-21,25.16,4,8.75,5200258
2018-01-28,60.54,7,18.7,5200258
2018-02-04,46.6,6,28.11,5200258
2018-02-11,0.08,0,0.05,5200258
2018-02-18,78.57000000000001,7,26.95,5200258
2018-02-25,27.11,4,20.32,5200258
2018-03-04,22.73,5,7.96,5200258
2018-03-11,30.47,7,7.33,5200258
2018-03-18,39.84,7,11.28,5200258
2018-03-25,4.88,1,2.53,5200258
2018-04-01,46.94,7,11.99,5200258
2018-04-08,24.83,5,12.93,5200258
2018-04-15,25.689999999999998,3,20.95,5200258
2018-04-22,5.59,3,1.94,5200258
2018-04-29,0.09,0,0.04,5200258
2018-05-06,0.0,0,0.0,5200258
2018-05-13,24.11,1,23.79,5200258
2018-05-20,1.95,1,1.95,5200258
2018-05-27,0.0,0,0.0,5200258
2018-06-03,0.0,0,0.0,5200258
2018-06-10,0.0,0,0.0,5200258
2018-06-17,0.0,0,0.0,5200258
2018-06-24,0.02,0,0.02,5200258
2018-07-01,0.03,0,0.03,5200258
2018-07-08,0.0,0,0.0,5200258
2018-07-15,0.0,0,0.0,5200258
2018-07-22,0.0,0,0.0,5200258
2018-07-29,0.0,0,0.0,5200258
2018-08-05,1.45,0,0.46,5200258
2018-08-12,14.42,3,6.04,5200258
2018-08-19,1.53,0,0.85,5200258
2018-08-26,0.04,0,0.04,5200258
2018-09-02,0.02,0,0.02,5200258
2018-09-09,0.36,0,0.21,5200258
2018-09-16,27.97,6,7.41,5200258
2018-09-23,0.33,0,0.16,5200258
2018-09-30,17.58,4,8.1,5200258
2018-10-07,8.78,3,2.98,5200258
2018-10-14,25.3,7,7.13,5200258
2018-10-21,63.99,6,27.39,5200258
2018-10-28,22.16,3,15.53,5200258
2018-11-04,80.59,7,21.07,5200258
2018-11-11,88.74,7,25.7,5200258
2018-11-18,39.160000000000004,6,12.49,5200258
2018-11-25,28.299999999999997,5,12.18,5200258
2018-12-02,65.66,7,30.08,5200258
2018-12-09,12.46,3,4.29,5200258
2018-12-16,11.02,1,10.1,5200258
2018-12-23,43.7,7,10.38,5200258
2018-12-30,29.34,4,11.96,5200258
2019-01-06,24.16,4,9.68,5200258
2019-01-13,10.53,4,3.66,5200258
2019-01-20,14.47,2,10.92,5200258
2019-01-27,3.83,1,3.45,5200258
2019-02-03,70.75,7,15.55,5200258
2019-02-10,25.23,4,12.0,5200258
2019-02-17,31.89,6,11.61,5200258
2019-02-24,50.6,7,18.52,5200258
2019-03-03,60.99,5,20.52,5200258
2019-03-10,41.49,7,9.47,5200258
2019-03-17,41.82,6,11.86,5200258
2019-03-24,51.03,5,25.57,5200258
2019-03-31,14.420000000000002,4,6.25,5200258
2019-04-07,78.47,7,34.47,5200258
2019-04-14,39.67,6,11.73,5200258
2019-04-21,27.07,4,14.94,5200258
2019-04-28,38.86,4,15.01,5200258
2019-05-05,2.21,1,1.26,5200258
2019-05-12,3.59,2,1.47,5200258
2019-05-19,0.04,0,0.03,5200258
2019-05-26,0.0,0,0.0,5200258
2019-06-02,3.59,1,2.85,5200258
2019-06-09,0.0,0,0.0,5200258
2019-06-16,0.0,0,0.0,5200258
2019-06-23,0.0,0,0.0,5200258
2019-06-30,0.2,0,0.17,5200258
2019-07-07,0.0,0,0.0,5200258
2019-07-14,0.0,0,0.0,5200258
2019-07-21,0.0,0,0.0,5200258
2019-07-28,0.01,0,0.01,5200258
2019-08-04,0.01,0,0.01,5200258
2019-08-11,0.02,0,0.02,5200258
2019-08-18,0.01,0,0.01,5200258
2019-08-25,0.0,0,0.0,5200258
2019-09-01,0.16,0,0.1,5200258
2019-09-08,0.0,0,0.0,5200258
2019-09-15,0.0,0,0.0,5200258
2019-09-22,4.59,2,2.62,5200258
2019-09-29,3.58,1,2.07,5200258
2019-10-06,20.27,4,7.54,5200258
2019-10-13,0.0,0,0.0,5200258
2019-10-20,29.18,5,9.49,5200258
2019-10-27,11.71,3,5.03,5200258
2019-11-03,37.21,6,11.02,5200258
2019-11-10,8.77,3,3.3,5200258
2019-11-17,64.58,7,15.92,5200258
2019-11-24,32.519999999999996,7,7.72,5200258
2019-12-01,67.72999999999999,7,18.27,5200258
2019-12-08,65.22,7,24.37,5200258
2019-12-15,13.89,2,9.19,5200258
2019-12-22,24.110000000000003,3,16.25,5200258
2019-12-29,53.93,5,17.11,5200258
2020-01-05,69.93,6,49.56,5200258
2020-01-12,8.96,2,5.83,5200258
2020-01-19,75.38,7,28.29,5200258
2020-01-26,36.5,5,18.64,5200258
2020-02-02,119.01,6,31.39,5200258
2020-02-09,35.14,6,8.23,5200258
2020-02-16,30.97,6,8.03,5200258
2020-02-23,61.84,7,18.89,5200258
2020-03-01,87.32,7,30.26,5200258
2020-03-08,33.65,7,10.89,5200258
2020-03-15,37.38,6,13.07,5200258
2020-03-22,99.0,7,25.29,5200258
2020-03-29,3.29,1,1.79,5200258
2020-04-05,40.08,7,18.31,5200258
2020-04-12,54.980000000000004,7,14.28,5200258
2020-04-19,50.47,6,18.54,5200258
2020-04-26,0.14,0,0.04,5200258
2020-05-03,1.34,0,0.65,5200258
2020-05-10,10.07,3,4.38,5200258
2020-05-17,0.8400000000000001,0,0.34,5200258
2020-05-24,3.4299999999999997,1,2.55,5200258
2020-05-31,0.21,0,0.1,5200258
2020-06-07,0.59,0,0.43,5200258
2020-06-14,0.09,0,0.07,5200258
2020-06-21,0.29,0,0.1,5200258
2020-06-28,0.06,0,0.03,5200258
2020-07-05,0.03,0,0.02,5200258
2020-07-12,0.03,0,0.01,5200258
2020-07-19,0.13999999999999999,0,0.09,5200258
2020-07-26,0.11,0,0.07,5200258
2020-08-02,0.05,0,0.02,5200258
2020-08-09,0.01,0,0.01,5200258
2020-08-16,0.11,0,0.05,5200258
2020-08-23,0.02,0,0.01,5200258
2020-08-30,0.060000000000000005,0,0.04,5200258
2020-09-06,0.3,0,0.18,5200258
2020-09-13,0.02,0,0.02,5200258
2020-09-20,19.950000000000003,3,10.41,5200258
2020-09-27,0.01,0,0.01,5200258
2020-10-04,12.329999999999998,1,12.29,5200258
2020-10-11,26.06,5,13.66,5200258
2020-10-18,65.39,7,23.71,5200258
2020-10-25,44.49,6,15.43,5200258
2020-11-01,36.769999999999996,6,11.28,5200258
2020-11-08,19.95,5,7.29,5200258
2020-11-15,56.129999999999995,6,19.9,5200258
2020-11-22,8.73,3,3.77,5200258
2020-11-29,11.620000000000001,2,10.4,5200258
2020-12-06,49.3,6,16.04,5200258
2020-12-13,3.7300000000000004,2,2.06,5200258
2020-12-20,60.91,7,13.11,5200258
2020-12-27,11.81,4,5.46,5200258
2021-01-03,31.810000000000002,5,10.66,5200258
2021-01-10,48.7,7,13.36,5200258
2021-01-17,9.069999999999999,3,4.76,5200258
2021-01-24,16.39,2,7.49,5200258
2021-01-31,42.12,7,15.31,5200258
2021-02-07,70.37,6,20.96,5200258
2021-02-14,98.45,7,30.52,5200258
2021-02-21,98.36,7,48.14,5200258
2021-02-28,20.970000000000002,2,18.51,5200258
2021-03-07,25.53,6,7.26,5200258
2021-03-14,32.05,7,9.61,5200258
2021-03-21,2.36,1,2.3,5200258
2021-03-28,11.46,4,6.04,5200258
2021-04-04,21.59,4,8.65,5200258
2021-04-11,6.1499999999999995,1,4.26,5200258
2021-04-18,9.209999999999999,2,4.55,5200258
2021-04-25,11.24,4,5.77,5200258
2021-05-02,0.4,0,0.19,5200258
2021-05-09,0.02,0,0.02,5200258
2021-05-16,0.10999999999999999,0,0.09,5200258
2021-05-23,0.03,0,0.01,5200258
2021-05-30,0.030000000000000002,0,0.02,5200258
2021-06-06,0.04,0,0.02,5200258
2021-06-13,14.96,2,12.08,5200258
2021-06-20,0.24,0,0.13,5200258
2021-06-27,0.01,0,0.01,5200258
2021-07-04,0.0,0,0.0,5200258
2021-07-11,0.0,0,0.0,5200258
2021-07-18,0.53,0,0.26,5200258
2021-07-25,1.8,0,0.74,5200258
2021-08-01,3.06,0,0.63,5200258
2021-08-08,3.6100000000000003,2,1.81,5200258
2021-08-15,0.01,0,0.01,5200258
2021-08-22,0.0,0,0.0,5200258
2021-08-29,3.9,1,3.57,5200258
2021-09-05,0.01,0,0.01,5200258
2021-09-12,0.01,0,0.01,5200258
2021-09-19,6.97,2,5.42,5200258
2021-09-26,11.8,2,7.28,5200258
2021-10-03,6.16,3,2.63,5200258
2021-10-10,42.94,6,15.9,5200258
2021-10-17,36.82,6,14.86,5200258
2021-10-24,17.88,5,5.5,5200258
2021-10-31,36.08,7,12.21,5200258
2021-11-07,72.47,7,14.12,5200258
2021-11-14,75.66,7,17.71,5200258
2021-11-21,21.52,4,11.56,5200258
2021-11-28,65.24,7,14.23,5200258
2021-12-05,67.21000000000001,7,20.71,5200258
2021-12-12,56.92,7,18.23,5200258
2021-12-19,89.83,6,28.58,5200258
2021-12-26,78.76,6,29.02,5200258
2022-01-02,107.49,7,23.86,5200258
2022-01-09,66.55,5,24.12,5200258
2022-01-16,7.800000000000001,2,3.85,5200258
2022-01-23,24.77,6,7.33,5200258
2022-01-30,44.94,7,21.73,5200258
2022-02-06,66.42,7,14.27,5200258
2022-02-13,57.45,7,18.46,5200258
2022-02-20,18.25,6,3.94,5200258
2022-02-27,14.43,5,4.67,5200258
2022-03-06,10.66,5,3.45,5200258
2022-03-13,14.09,3,4.71,5200258
2022-03-20,6.17,3,2.37,5200258
2022-03-27,3.13,1,1.65,5200258
2022-04-03,6.4,1,4.38,5200258
2022-04-10,17.67,5,5.88,5200258
2022-04-17,1.44,0,0.98,5200258
2022-04-24,0.27,0,0.17,5200258
2022-05-01,5.27,2,3.26,5200258
2022-05-08,0.35,0,0.25,5200258
2022-05-15,1.9800000000000002,1,1.1,5200258
2022-05-22,0.11,0,0.08,5200258
2022-05-29,0.0,0,0.0,5200258
2022-06-05,0.02,0,0.02,5200258
2022-06-12,0.64,0,0.47,5200258
2022-06-19,0.02,0,0.01,5200258
2022-06-26,0.09,0,0.06,5200258
2022-07-03,0.01,0,0.01,5200258
2022-07-10,0.01,0,0.01,5200258
2022-07-17,0.01,0,0.01,5200258
2022-07-24,0.0,0,0.0,5200258
2022-07-31,0.0,0,0.0,5200258
2022-08-07,0.01,0,0.01,5200258
2022-08-14,0.030000000000000002,0,0.02,5200258
2022-08-21,0.04,0,0.03,5200258
2022-08-28,0.06,0,0.03,5200258
2022-09-04,0.01,0,0.01,5200258
2022-09-11,1.6099999999999999,1,1.38,5200258
2022-09-18,32.09,7,14.66,5200258
2022-09-25,2.49,1,1.67,5200258
2022-10-02,8.67,3,2.67,5200258
2022-10-09,1.1300000000000001,1,1.08,5200258
2022-10-16,4.26,2,2.61,5200258
2022-10-23,20.06,6,6.02,5200258
2022-10-30,45.68,4,18.41,5200258
2022-11-06,38.88,6,12.23,5200258
2022-11-13,48.69,6,14.63,5200258
2022-11-20,45.24,6,14.15,5200258
2022-11-27,51.199999999999996,7,13.85,5200258
2022-12-04,70.67,7,22.6,5200258
2022-12-11,66.61,7,30.5,5200258
2022-12-18,42.42,7,11.69,5200258
2022-12-25,57.629999999999995,7,25.13,5200258
2023-01-01,30.47,7,7.46,5200258
2023-01-08,31.13,6,5.69,5200258
2023-01-15,22.91,5,8.53,5200258
2023-01-22,35.1,7,11.86,5200258
2023-01-29,14.920000000000002,5,4.78,5200258
2023-02-05,14.770000000000001,6,3.89,5200258
2023-02-12,16.91,3,8.9,5200258
2023-02-19,43.879999999999995,7,14.08,5200258
2023-02-26,23.39,5,8.79,5200258
2023-03-05,28.92,6,12.31,5200258
2023-03-12,43.98,6,12.11,5200258
2023-03-19,20.08,5,10.68,5200258
2023-03-26,3.42,1,2.34,5200258
2023-04-02,28.52,7,8.42,5200258
2023-04-09,26.41,6,6.16,5200258
2023-04-16,14.29,2,6.05,5200258
2023-04-23,2.1500000000000004,0,0.81,5200258
2023-04-30,6.34,2,3.63,5200258
2023-05-07,2.95,1,1.32,5200258
2023-05-14,2.16,0,0.37,5200258
2023-05-21,1.76,0,0.51,5200258
2023-05-28,0.30000000000000004,0,0.2,5200258
2023-06-04,0.79,0,0.27,5200258
2023-06-11,2.04,1,1.02,5200258
2023-06-18,0.56,0,0.26,5200258
2023-06-25,0.19,0,0.12,5200258
2023-07-02,0.37,0,0.19,5200258
2023-07-09,0.01,0,0.01,5200258
2023-07-16,0.0,0,0.0,5200258
2023-07-23,0.0,0,0.0,5200258
2023-07-30,0.1,0,0.1,5200258
2023-08-06,0.51,0,0.27,5200258
2023-08-13,0.54,0,0.24,5200258
2023-08-20,4.51,2,1.81,5200258
2023-08-27,31.02,6,11.58,5200258
2023-09-03,3.45,1,2.95,5200258
2023-09-10,2.4,1,1.23,5200258
2023-09-17,0.5700000000000001,0,0.46,5200258
2023-09-24,21.21,2,14.09,5200258
2023-10-01,23.560000000000002,4,9.58,5200258
2023-10-08,21.71,4,12.75,5200258
2023-10-15,9.15,2,6.34,5200258
2023-10-22,13.6,4,5.99,5200258
2023-10-29,30.900000000000002,5,10.1,5200258
2023-11-05,2.4,1,1.17,5200258
2023-11-12,3.41,1,1.05,5200258
2023-11-19,33.17,5,9.93,5200258
2023-11-26,27.6,5,16.78,5200258
2023-12-03,13.97,3,5.46,5200258
2023-12-10,12.0,3,5.37,5200258
2023-12-17,63.67,7,28.46,5200258
2023-12-24,30.66,6,13.58,5200258
2023-12-31,90.23,7,34.61,5200258
2024-01-07,43.22,7,16.41,5200258
2024-01-14,24.84,5,9.72,5200258
2024-01-21,38.879999999999995,7,9.92,5200258
2024-01-28,17.490000000000002,6,6.82,5200258
2024-02-04,40.68,6,9.81,5200258
2024-02-11,18.18,4,11.42,5200258
2024-02-18,42.660000000000004,7,15.3,5200258
2024-02-25,6.33,2,5.06,5200258
2024-03-03,17.9,5,6.22,5200258
2024-03-10,30.89,4,16.31,5200258
2024-03-17,34.99,6,18.21,5200258
2024-03-24,30.88,6,11.18,5200258
2024-03-31,24.93,6,7.28,5200258
2024-04-07,17.46,5,5.77,5200258
2024-04-14,3.38,1,1.96,5200258
2024-04-21,0.78,0,0.31,5200258
2024-04-28,0.25,0,0.24,5200258
2024-05-05,0.03,0,0.01,5200258
2024-05-12,0.74,0,0.74,5200258
2024-05-19,0.05,0,0.03,5200258
2024-05-26,0.0,0,0.0,5200258
2024-06-02,0.24,0,0.11,5200258
2024-06-09,0.0,0,0.0,5200258
2024-06-16,0.18,0,0.1,5200258
2024-06-23,0.0,0,0.0,5200258
2024-06-30,0.0,0,0.0,5200258
2024-07-07,0.0,0,0.0,5200258
2024-07-14,0.0,0,0.0,5200258
2024-07-21,0.14,0,0.14,5200258
2024-07-28,0.03,0,0.03,5200258
2024-08-04,0.01,0,0.01,5200258
2024-08-11,0.0,0,0.0,5200258
2024-08-18,0.03,0,0.03,5200258
2024-08-25,0.0,0,0.0,5200258
2024-09-01,0.0,0,0.0,5200258
2024-09-08,0.17,0,0.14,5200258
2024-09-15,0.15,0,0.15,5200258
2024-09-22,0.71,0,0.71,5200258
2024-09-29,0.46,0,0.46,5200258
2024-10-06,17.21,4,7.86,5200258
2024-10-13,32.89,6,12.84,5200258
2024-10-20,60.3,7,18.3,5200258
2024-10-27,18.42,6,6.02,5200258
2024-11-03,43.92,6,17.98,5200258
2024-11-10,70.0,7,27.91,5200258
2024-11-17,62.32,7,15.4,5200258
2024-11-24,16.04,5,8.18,5200258
2024-12-01,8.9,5,2.73,5200258
2024-12-08,11.370000000000001,5,4.6,5200258
2024-12-15,29.95,7,5.96,5200258
2024-12-22,53.71,7,12.02,5200258
2024-12-29,32.33,6,12.12,5200258
2025-01-05,44.230000000000004,7,19.23,5200258
2025-01-12,72.36,7,21.81,5200258
2025-01-19,9.29,4,3.32,5200258
2025-01-26,44.78,6,15.05,5200258
2025-02-02,10.34,2,6.38,5200258
2025-02-09,10.55,5,2.9,5200258
2025-02-16,6.989999999999999,2,4.27,5200258
2025-02-23,8.49,3,3.36,5200258
2025-03-02,0.24,0,0.24,5200258
2025-03-09,16.62,4,7.4,5200258
2025-03-16,16.29,4,7.05,5200258
2025-03-23,60.72,7,19.71,5200258
2025-03-30,4.74,2,1.77,5200258
2025-04-06,6.300000000000001,4,1.92,5200258
2025-04-13,12.870000000000001,5,4.62,5200258
2025-04-20,7.75,2,4.21,5200258
2025-04-27,6.13,1,4.45,5200258
2025-05-04,0.54,0,0.5,5200258
2025-05-11,0.08,0,0.03,5200258
2025-05-18,0.75,0,0.58,5200258
2025-05-25,0.01,0,0.01,5200258
2025-06-01,0.09,0,0.07,5200258
2025-06-08,28.630000000000003,3,15.99,5200258
2025-06-15,0.11,0,0.04,5200258
2025-06-22,0.02,0,0.02,5200258
2025-06-29,0.0,0,0.0,5200258
2025-07-06,0.0,0,0.0,5200258
2025-07-13,0.0,0,0.0,5200258
2025-07-20,0.55,0,0.55,5200258
2025-07-27,0.0,0,0.0,5200258
2025-08-03,0.0,0,0.0,5200258
2025-08-10,0.0,0,0.0,5200258
2025-08-17,0.38,0,0.35,5200258
2025-08-24,0.01,0,0.01,5200258
2025-08-31,0.0,0,0.0,5200258
2025-09-07,0.01,0,0.01,5200258
2025-09-14,4.609999999999999,1,3.46,5200258
2025-09-21,7.52,2,4.67,5200258
2025-09-28,0.0,0,0.0,5200258
2025-10-05,0.04,0,0.03,5200258
2025-10-12,31.700000000000003,5,19.37,5200258
2025-10-19,29.18,2,17.82,5200258
2025-10-26,4.2,2,2.0,5200258
2025-11-02,58.67,5,32.88,5200258
2025-11-09,8.74,2,4.56,5200258
2025-11-16,5.63,3,2.88,5200258
2025-11-23,43.88,6,15.39,5200258
2025-11-30,128.07,7,55.77,5200258
2025-12-07,41.15,6,15.28,5200258
2025-12-14,32.95,7,9.97,5200258
2025-12-21,1.18,0,0.6,5200258
2025-12-28,15.2,5,5.79,5200258
2026-01-04,32.86,5,13.44,5200258
2026-01-11,15.39,3,7.7,5200258
2026-01-18,42.01,7,10.53,5200258
2026-01-25,34.99,7,8.07,5200258
2026-02-01,26.91,7,7.29,5200258
2026-02-08,21.55,6,7.67,5200258
2026-02-15,20.82,4,9.35,5200258
2026-02-22,31.8,7,7.22,5200258
2026-03-01,18.119999999999997,4,4.56,5200258
2026-03-08,35.23,7,9.6,5200258
2026-03-15,33.519999999999996,7,6.88,5200258
2026-03-22,20.55,5,6.01,5200258
2026-03-29,15.19,4,5.99,5200258
2026-04-05,9.24,4,3.41,5200258
2026-04-12,5.04,2,2.06,5200258
2026-04-19,0.42,0,0.24,5200258
2026-04-26,1.23,0,0.93,5200258
2026-05-03,0.01,0,0.01,5200258
2026-05-10,2.46,1,1.71,5200258
2026-05-17,0.23,0,0.08,5200258
2026-05-24,0.23,0,0.16,5200258
2026-05-31,0.34,0,0.33,5200258
2026-06-07,14.89,2,12.24,5200258
2026-06-14,8.72,1,7.71,5200258
2026-06-21,0.86,0,0.72,5200258
2026-06-28,0.23,0,0.15,5200258
2026-07-05,0.05,0,0.04,5200258
2026-07-12,0.04,0,0.02,5200258
2026-07-19,0.04,0,0.02,5200258
2026-07-26,0.09,0,0.08,5200258
2026-08-02,0.32,0,0.22,5200258
2026-08-09,0.0,0,0.0,5200258
