cod_ibge,sem_bueiro_pct,sem_pavimento_pct
5000203,79.86,46.44
5000252,48.58,20.49
5000609,51.87,24.56
5000708,77.0,49.52
5000807,65.92,15.92
5000856,83.88,55.61
5000906,47.89,36.6
5001003,79.66,13.61
5001102,65.36,43.63
5001243,35.81,17.98
5001508,84.29,63.06
5001904,82.64,6.57
5002001,61.64,34.08
5002100,84.78,67.41
5002159,84.13,66.18
5002209,61.38,37.79
5002308,51.34,11.59
5002407,58.97,33.47
5002605,58.3,40.96
5002704,50.68,25.19
5002803,38.53,13.36
5002902,76.79,4.32
5002951,55.2,2.89
5003108,78.99,53.99
5003157,69.43,48.36
5003207,60.3,21.74
5003256,46.45,1.87
5003306,65.07,45.21
5003454,73.97,48.14
5003488,84.52,52.87
5003504,67.24,18.77
5003702,40.79,15.08
5003751,65.98,20.46
5003801,58.52,4.64
5003900,56.82,16.55
5004007,58.85,21.5
5004106,83.59,57.23
5004304,64.24,25.58
5004403,58.75,23.24
5004502,69.69,32.3
5004601,55.43,16.61
5004700,49.67,24.0
5004809,36.77,13.4
5004908,71.03,51.48
5005004,71.81,49.06
5005103,17.52,9.12
5005152,77.91,43.66
5005202,88.31,67.07
5005251,23.9,3.25
5005400,43.99,7.99
5005608,76.62,38.16
5005681,29.77,11.21
5005707,20.76,3.6
5005806,80.93,64.02
5006002,79.28,55.4
5006200,50.24,12.87
5006259,57.23,20.06
5006275,54.38,26.48
5006309,87.77,23.01
5006358,60.33,42.66
5006408,76.52,52.85
5006606,59.05,32.32
5006903,63.14,46.37
5007109,69.08,50.14
5007208,58.11,25.14
5007307,64.13,50.56
5007406,64.88,43.01
5007505,52.94,28.12
5007554,67.72,19.0
5007695,57.49,17.3
5007703,54.93,26.52
5007802,96.25,50.03
5007901,59.42,28.49
5007935,52.98,17.08
5007950,68.56,23.58
5007976,54.58,18.53
5008008,60.9,14.74
5008305,68.83,26.43
5008404,50.21,8.11
5100102,92.92,32.66
5100201,69.32,4.33
5100250,69.11,27.48
5100300,76.63,13.12
5100359,99.63,75.37
5100409,78.58,18.08
5100508,73.84,49.28
5100607,88.28,11.0
5100805,87.23,60.14
5101001,99.55,47.66
5101209,95.69,33.62
5101258,71.97,45.98
5101308,82.76,39.15
5101407,74.41,51.59
5101605,80.91,43.37
5101704,81.74,30.44
5101803,63.24,14.53
5101852,98.23,82.79
5101902,83.92,53.2
5102504,68.26,60.3
5102603,86.56,19.34
5102637,47.88,10.09
5102678,51.92,1.11
5102686,70.82,35.21
5102694,96.82,62.72
5102702,82.1,10.01
5102793,83.82,51.84
5102850,37.11,5.26
5103007,79.98,49.05
5103056,15.16,11.97
5103106,94.42,14.27
5103205,40.47,11.23
5103254,96.02,89.69
5103304,85.58,66.92
5103353,91.23,46.45
5103361,62.66,7.91
5103379,95.93,82.42
5103403,47.08,20.45
5103437,98.23,51.77
5103452,88.56,51.41
5103502,63.09,22.03
5103601,72.91,39.01
5103700,68.89,47.42
5103809,62.54,25.7
5103858,97.69,10.9
5103908,92.39,27.7
5103957,98.78,18.58
5104104,57.73,49.33
5104203,75.35,27.69
5104500,95.36,15.36
5104526,8.49,7.3
5104542,93.59,75.58
5104559,17.93,10.37
5104609,60.12,11.01
5104807,65.84,6.19
5104906,75.49,31.67
5105002,56.74,35.34
5105101,83.2,33.8
5105150,64.82,51.54
5105176,76.69,49.06
5105200,71.25,39.71
5105234,58.77,28.97
5105259,14.87,1.0
5105309,98.78,42.68
5105507,81.74,61.47
5105580,60.43,26.95
5105606,32.03,25.93
5105622,81.85,42.72
5105903,82.04,35.52
5106000,72.23,11.94
5106109,79.74,23.2
5106158,91.75,54.98
5106174,97.83,26.35
5106182,76.46,52.08
5106190,67.21,45.35
5106208,87.89,10.27
5106216,66.77,33.33
5106224,21.66,1.77
5106232,56.04,23.43
5106240,75.07,51.73
5106257,81.45,18.96
5106265,81.76,47.75
5106273,83.75,47.66
5106281,86.75,5.49
5106299,20.07,8.62
5106307,90.93,26.98
5106315,85.9,64.1
5106372,73.69,34.28
5106422,80.48,70.1
5106455,94.41,70.02
5106505,79.66,11.46
5106653,75.69,8.03
5106703,89.21,11.95
5106752,75.83,18.45
5106778,94.86,47.55
5106802,99.37,27.25
5106828,91.75,49.64
5106851,88.6,67.28
5107008,95.4,45.93
5107040,35.04,0.85
5107065,82.04,5.54
5107107,77.33,44.86
5107156,76.68,46.29
5107180,96.99,59.79
5107198,98.31,11.82
5107206,58.66,9.87
5107248,13.74,9.49
5107263,49.81,13.13
5107297,87.23,58.72
5107305,60.42,29.55
5107354,90.59,74.08
5107404,60.7,18.43
5107578,74.82,46.35
5107602,50.16,5.92
5107701,89.31,51.84
5107743,97.23,41.11
5107750,59.73,22.43
5107768,17.8,9.09
5107776,99.11,72.95
5107792,67.62,18.77
5107800,84.62,63.66
5107859,95.65,63.96
5107875,74.56,2.17
5107883,100.0,65.78
5107909,5.64,5.97
5107925,6.49,3.17
5107941,95.93,31.35
5107958,64.22,7.85
5108006,36.9,11.84
5108055,84.99,49.93
5108105,79.68,33.25
5108204,86.2,11.25
5108303,46.5,32.17
5108352,78.1,23.33
5108402,65.48,27.55
5108501,30.85,12.29
5108600,61.07,7.62
5108808,76.07,26.07
5108857,77.07,6.93
5108907,88.68,47.36
5108956,91.03,67.18
5200050,77.12,18.29
5200100,94.32,57.41
5200134,99.68,0.9
5200159,98.74,23.23
5200175,72.2,18.0
5200209,89.1,17.67
5200258,74.71,24.47
5200308,91.92,53.15
5200506,100.0,4.29
5200555,14.77,2.68
5200605,76.0,41.94
5200803,82.75,25.35
5200829,92.98,2.68
5200852,94.78,11.03
5200902,96.35,11.55
5201108,52.53,4.07
5201207,75.32,7.59
5201306,79.89,18.51
5201405,65.85,13.5
5201454,76.44,9.77
5201504,80.07,17.18
5201603,85.17,28.08
5201702,81.38,7.24
5201801,86.17,41.17
5202155,97.01,15.5
5202353,83.95,4.94
5202502,96.55,21.03
5202601,99.82,14.86
5202809,92.06,10.05
5203104,90.76,39.49
5203203,91.38,7.61
5203302,83.17,26.04
5203401,96.38,17.01
5203500,88.59,2.2
5203559,93.45,4.84
5203575,98.24,22.11
5203609,94.3,9.57
5203807,99.72,20.53
5203906,66.78,12.58
5203939,99.17,10.62
5203962,90.72,27.15
5204003,97.19,5.49
5204102,90.39,2.45
5204201,80.06,16.72
5204250,97.71,23.45
5204300,78.66,14.41
5204409,95.03,7.35
5204508,87.24,32.44
5204557,83.47,7.71
5204607,95.5,11.71
5204656,94.07,19.96
5204706,92.22,18.24
5204805,96.85,14.48
5204854,86.43,12.65
5204904,96.02,25.05
5204953,99.69,28.73
5205000,88.76,10.45
5205059,100.0,3.12
5205109,64.3,1.95
5205208,85.45,15.15
5205307,98.29,53.78
5205406,62.95,7.38
5205455,70.92,19.43
5205471,70.85,18.34
5205497,76.48,33.05
5205513,90.94,38.75
5205521,98.78,34.15
5205703,88.89,4.09
5205802,69.92,8.94
5205901,81.3,15.85
5206206,87.65,33.54
5206305,81.74,5.22
5206404,90.56,13.25
5206503,90.0,22.95
5206602,68.35,4.03
5206701,100.0,42.43
5206800,97.46,2.8
5206909,91.55,6.76
5207105,99.63,4.06
5207253,94.52,27.94
5207352,94.09,6.38
5207402,73.53,3.77
5207501,93.79,15.17
5207535,99.0,28.7
5207600,99.36,20.1
5207808,92.76,12.64
5207907,99.32,66.38
5208004,86.9,19.38
5208103,97.12,27.58
5208152,64.47,1.32
5208301,92.79,13.69
5208400,94.87,6.73
5208509,73.43,5.18
5208608,51.91,1.76
5208707,43.64,2.7
5208806,84.26,8.59
5208905,77.44,20.24
5209101,65.98,13.05
5209150,99.25,16.42
5209200,94.01,11.48
5209291,52.21,18.38
5209408,96.02,26.37
5209457,94.85,2.21
5209606,98.96,10.65
5209705,85.65,38.87
5209804,100.0,3.26
5209903,98.63,32.65
5209937,98.04,9.4
5209952,86.78,7.6
5210000,65.75,4.39
5210109,79.5,14.1
5210158,87.23,16.51
5210208,82.16,25.15
5210307,88.02,25.15
5210406,71.74,13.28
5210562,97.58,20.3
5210604,86.71,2.56
5210802,44.75,5.15
5210901,90.7,8.16
5211008,98.52,23.38
5211206,66.21,9.58
5211305,51.34,2.85
5211404,49.7,3.68
5211503,73.11,2.36
5211602,87.28,15.98
5211701,73.65,5.71
5211800,84.09,6.61
5211909,65.23,1.7
5212006,98.75,18.37
5212055,93.73,6.77
5212105,97.34,2.42
5212204,90.59,22.7
5212253,95.54,30.2
5212303,76.8,8.27
5212501,92.8,39.65
5212600,95.7,16.91
5212709,100.0,25.21
5212808,94.81,2.24
5212907,95.08,3.63
5212956,96.08,14.38
5213004,91.23,7.78
5213053,41.8,21.69
5213087,67.57,13.47
5213103,52.29,4.27
5213400,87.02,0.76
5213509,100.0,26.2
5213707,97.65,25.4
5213756,87.61,8.3
5213772,100.0,23.43
5213806,62.56,6.66
5213855,96.08,6.16
5213905,85.82,5.22
5214002,98.84,30.86
5214051,99.5,4.17
5214101,99.01,10.12
5214408,99.53,12.73
5214507,72.55,3.14
5214606,80.57,25.36
5214705,98.94,7.8
5214804,67.06,4.37
5214838,98.6,40.0
5214861,96.54,9.3
5214879,98.82,20.88
5214903,98.38,45.45
5215009,90.43,12.27
5215207,100.0,6.23
5215231,68.7,25.86
5215256,96.33,30.46
5215306,81.91,26.97
5215405,92.36,2.96
5215504,68.32,1.35
5215603,80.84,50.41
5215652,96.53,4.62
5215702,79.66,2.03
5215801,99.74,8.99
5215900,96.77,4.53
5216007,84.66,13.07
5216304,91.14,10.24
5216403,72.53,1.86
5216452,99.08,3.99
5216809,76.29,5.27
5216908,93.33,2.67
5217104,83.89,11.62
5217203,86.6,8.47
5217302,85.99,8.89
5217401,80.94,11.19
5217609,95.5,50.99
5217708,82.64,4.58
5218003,92.79,17.15
5218052,88.49,1.49
5218102,99.06,38.09
5218300,91.62,34.48
5218391,96.64,21.2
5218508,54.23,8.4
5218607,81.48,2.74
5218706,99.16,4.38
5218789,88.71,41.18
5218805,54.56,2.56
5218904,69.72,11.72
5219001,81.58,1.41
5219100,90.04,23.98
5219209,97.37,23.25
5219258,82.86,8.03
5219308,52.03,3.96
5219357,91.94,6.91
5219407,79.95,36.81
5219456,97.15,18.15
5219506,97.86,2.67
5219605,96.2,7.13
5219704,93.95,17.72
5219712,81.35,7.93
5219738,68.92,12.04
5219753,86.81,38.35
5219803,95.96,66.56
5219902,85.68,6.02
5220009,81.27,42.4
5220058,95.13,0.65
5220108,77.92,2.53
5220157,86.95,13.54
5220207,90.45,17.35
5220264,95.91,16.57
5220280,89.04,1.83
5220405,66.72,15.61
5220454,57.37,9.77
5220504,94.28,32.67
5220603,68.76,33.02
5220686,71.24,9.33
5220702,100.0,36.73
5221007,90.1,3.47
5221080,99.69,27.67
5221197,98.77,14.36
5221304,79.83,26.44
5221403,75.11,7.01
5221452,96.42,11.4
5221502,97.56,3.56
5221551,100.0,2.17
5221577,100.0,32.19
5221601,83.04,13.49
5221700,92.99,12.93
5221809,96.48,10.3
5221858,58.75,13.65
5221908,97.13,5.02
5222005,83.24,6.98
5222054,84.66,12.0
5222203,97.76,32.45
5222302,100.0,42.24
5300108,46.99,8.44
