variavel,ganho,coef,peso
incidencia_100k,89565.57474780083,1.376678813598727,46.379838639689034
incidencia_lag1,17218.35897088051,0.18058764826307944,8.916201486545905
nivel_inc,15873.329058647156,0.48531383601972033,8.219703189397762
semana,14381.059489250183,0.06423158642312755,7.4469596210073945
canal_mediana,10189.790996551514,-0.2206831686531033,5.276590515083135
incidencia_mm3,9263.90830039978,0.8997531255812977,4.79713967509562
log_pop,7671.647513866425,0.02389138058465277,3.972617546368537
canal_q3,6400.8544907569885,-0.03376968039581854,3.3145614179707743
casos_est_mm3,4956.972619056702,-0.05937810630452685,2.5668745035195744
incidencia_mm8,4640.669651508331,-0.21453070215908934,2.4030829950359154
receptivo,2827.2369441986084,0.20686183764357277,1.464031170874819
incidencia_lag4,2462.847454547882,0.2570807495546318,1.2753389665364074
casos_est_mm8,1726.6895871162415,0.2854337471810185,0.8941335402221479
incidencia_lag2,1628.8713665008545,-0.005085823810082049,0.843480225028918
razao_mm3_mm8,876.4491310119629,-0.0318962849153012,0.4538526033768194
Rt,639.4543299674988,-0.06944545555417504,0.3311293287052934
p_rt1,590.2786874771118,0.16972752079629722,0.30566465245965596
Rt_lag1,512.6952695846558,-0.028179953816888918,0.2654895470902124
Rt_lag2,478.08612155914307,-0.06587500663731717,0.24756785445997775
variacao_semanal,374.4851613044739,-0.01662409459023797,0.19392005693220746
p_rt1_lag1,356.41696882247925,0.16560599619199634,0.18456378523758152
p_rt1_lag2,276.531840801239,0.17111341214430084,0.14319678281763673
transmissao,200.9572229385376,-0.0007251744689622658,0.10406189654466813
