municipio,uf,cod_ibge,fonte,conteudo,arquivo_local,url
Abadiania,GO,5200100,InfoDengue,dengue: serie municipio-semana 2014-2026,dados/bruto/infodengue/dengue_5200100.csv,https://info.dengue.mat.br/api/alertcity?geocode=5200100&disease=dengue&format=json&ew_start=1&ew_end=53&ey_start=2014&ey_end=2026
Abadiania,GO,5200100,InfoDengue,chikungunya: serie municipio-semana 2014-2026,dados/bruto/infodengue/chikungunya_5200100.csv,https://info.dengue.mat.br/api/alertcity?geocode=5200100&disease=chikungunya&format=json&ew_start=1&ew_end=53&ey_start=2014&ey_end=2026
Abadiania,GO,5200100,InfoDengue,zika: serie municipio-semana 2014-2026,dados/bruto/infodengue/zika_5200100.csv,https://info.dengue.mat.br/api/alertcity?geocode=5200100&disease=zika&format=json&ew_start=1&ew_end=53&ey_start=2014&ey_end=2026
Abadiania,GO,5200100,IBGE,malha cartografica municipal (GeoJSON),dados/externo/malha_ride_df.geojson,https://servicodados.ibge.gov.br/api/v3/malhas/municipios/5200100?formato=application/vnd.geo+json&qualidade=intermediaria
Agua Fria de Goias,GO,5200175,InfoDengue,dengue: serie municipio-semana 2014-2026,dados/bruto/infodengue/dengue_5200175.csv,https://info.dengue.mat.br/api/alertcity?geocode=5200175&disease=dengue&format=json&ew_start=1&ew_end=53&ey_start=2014&ey_end=2026
Agua Fria de Goias,GO,5200175,InfoDengue,chikungunya: serie municipio-semana 2014-2026,dados/bruto/infodengue/chikungunya_5200175.csv,https://info.dengue.mat.br/api/alertcity?geocode=5200175&disease=chikungunya&format=json&ew_start=1&ew_end=53&ey_start=2014&ey_end=2026
Agua Fria de Goias,GO,5200175,InfoDengue,zika: serie municipio-semana 2014-2026,dados/bruto/infodengue/zika_5200175.csv,https://info.dengue.mat.br/api/alertcity?geocode=5200175&disease=zika&format=json&ew_start=1&ew_end=53&ey_start=2014&ey_end=2026
Agua Fria de Goias,GO,5200175,IBGE,malha cartografica municipal (GeoJSON),dados/externo/malha_ride_df.geojson,https://servicodados.ibge.gov.br/api/v3/malhas/municipios/5200175?formato=application/vnd.geo+json&qualidade=intermediaria
Aguas Lindas de Goias,GO,5200258,InfoDengue,dengue: serie municipio-semana 2014-2026,dados/bruto/infodengue/dengue_5200258.csv,https://info.dengue.mat.br/api/alertcity?geocode=5200258&disease=dengue&format=json&ew_start=1&ew_end=53&ey_start=2014&ey_end=2026
Aguas Lindas de Goias,GO,5200258,InfoDengue,chikungunya: serie municipio-semana 2014-2026,dados/bruto/infodengue/chikungunya_5200258.csv,https://info.dengue.mat.br/api/alertcity?geocode=5200258&disease=chikungunya&format=json&ew_start=1&ew_end=53&ey_start=2014&ey_end=2026
Aguas Lindas de Goias,GO,5200258,InfoDengue,zika: serie municipio-semana 2014-2026,dados/bruto/infodengue/zika_5200258.csv,https://info.dengue.mat.br/api/alertcity?geocode=5200258&disease=zika&format=json&ew_start=1&ew_end=53&ey_start=2014&ey_end=2026
Aguas Lindas de Goias,GO,5200258,IBGE,malha cartografica municipal (GeoJSON),dados/externo/malha_ride_df.geojson,https://servicodados.ibge.gov.br/api/v3/malhas/municipios/5200258?formato=application/vnd.geo+json&qualidade=intermediaria
Alexania,GO,5200308,InfoDengue,dengue: serie municipio-semana 2014-2026,dados/bruto/infodengue/dengue_5200308.csv,https://info.dengue.mat.br/api/alertcity?geocode=5200308&disease=dengue&format=json&ew_start=1&ew_end=53&ey_start=2014&ey_end=2026
Alexania,GO,5200308,InfoDengue,chikungunya: serie municipio-semana 2014-2026,dados/bruto/infodengue/chikungunya_5200308.csv,https://info.dengue.mat.br/api/alertcity?geocode=5200308&disease=chikungunya&format=json&ew_start=1&ew_end=53&ey_start=2014&ey_end=2026
Alexania,GO,5200308,InfoDengue,zika: serie municipio-semana 2014-2026,dados/bruto/infodengue/zika_5200308.csv,https://info.dengue.mat.br/api/alertcity?geocode=5200308&disease=zika&format=json&ew_start=1&ew_end=53&ey_start=2014&ey_end=2026
Alexania,GO,5200308,IBGE,malha cartografica municipal (GeoJSON),dados/externo/malha_ride_df.geojson,https://servicodados.ibge.gov.br/api/v3/malhas/municipios/5200308?formato=application/vnd.geo+json&qualidade=intermediaria
Alto Paraiso de Goias,GO,5200605,InfoDengue,dengue: serie municipio-semana 2014-2026,dados/bruto/infodengue/dengue_5200605.csv,https://info.dengue.mat.br/api/alertcity?geocode=5200605&disease=dengue&format=json&ew_start=1&ew_end=53&ey_start=2014&ey_end=2026
Alto Paraiso de Goias,GO,5200605,InfoDengue,chikungunya: serie municipio-semana 2014-2026,dados/bruto/infodengue/chikungunya_5200605.csv,https://info.dengue.mat.br/api/alertcity?geocode=5200605&disease=chikungunya&format=json&ew_start=1&ew_end=53&ey_start=2014&ey_end=2026
Alto Paraiso de Goias,GO,5200605,InfoDengue,zika: serie municipio-semana 2014-2026,dados/bruto/infodengue/zika_5200605.csv,https://info.dengue.mat.br/api/alertcity?geocode=5200605&disease=zika&format=json&ew_start=1&ew_end=53&ey_start=2014&ey_end=2026
Alto Paraiso de Goias,GO,5200605,IBGE,malha cartografica municipal (GeoJSON),dados/externo/malha_ride_df.geojson,https://servicodados.ibge.gov.br/api/v3/malhas/municipios/5200605?formato=application/vnd.geo+json&qualidade=intermediaria
Alvorada do Norte,GO,5200803,InfoDengue,dengue: serie municipio-semana 2014-2026,dados/bruto/infodengue/dengue_5200803.csv,https://info.dengue.mat.br/api/alertcity?geocode=5200803&disease=dengue&format=json&ew_start=1&ew_end=53&ey_start=2014&ey_end=2026
Alvorada do Norte,GO,5200803,InfoDengue,chikungunya: serie municipio-semana 2014-2026,dados/bruto/infodengue/chikungunya_5200803.csv,https://info.dengue.mat.br/api/alertcity?geocode=5200803&disease=chikungunya&format=json&ew_start=1&ew_end=53&ey_start=2014&ey_end=2026
Alvorada do Norte,GO,5200803,InfoDengue,zika: serie municipio-semana 2014-2026,dados/bruto/infodengue/zika_5200803.csv,https://info.dengue.mat.br/api/alertcity?geocode=5200803&disease=zika&format=json&ew_start=1&ew_end=53&ey_start=2014&ey_end=2026
Alvorada do Norte,GO,5200803,IBGE,malha cartografica municipal (GeoJSON),dados/externo/malha_ride_df.geojson,https://servicodados.ibge.gov.br/api/v3/malhas/municipios/5200803?formato=application/vnd.geo+json&qualidade=intermediaria
Barro Alto,GO,5203203,InfoDengue,dengue: serie municipio-semana 2014-2026,dados/bruto/infodengue/dengue_5203203.csv,https://info.dengue.mat.br/api/alertcity?geocode=5203203&disease=dengue&format=json&ew_start=1&ew_end=53&ey_start=2014&ey_end=2026
Barro Alto,GO,5203203,InfoDengue,chikungunya: serie municipio-semana 2014-2026,dados/bruto/infodengue/chikungunya_5203203.csv,https://info.dengue.mat.br/api/alertcity?geocode=5203203&disease=chikungunya&format=json&ew_start=1&ew_end=53&ey_start=2014&ey_end=2026
Barro Alto,GO,5203203,InfoDengue,zika: serie municipio-semana 2014-2026,dados/bruto/infodengue/zika_5203203.csv,https://info.dengue.mat.br/api/alertcity?geocode=5203203&disease=zika&format=json&ew_start=1&ew_end=53&ey_start=2014&ey_end=2026
Barro Alto,GO,5203203,IBGE,malha cartografica municipal (GeoJSON),dados/externo/malha_ride_df.geojson,https://servicodados.ibge.gov.br/api/v3/malhas/municipios/5203203?formato=application/vnd.geo+json&qualidade=intermediaria
Brasilia,DF,5300108,InfoDengue,dengue: serie municipio-semana 2014-2026,dados/bruto/infodengue/dengue_5300108.csv,https://info.dengue.mat.br/api/alertcity?geocode=5300108&disease=dengue&format=json&ew_start=1&ew_end=53&ey_start=2014&ey_end=2026
Brasilia,DF,5300108,InfoDengue,chikungunya: serie municipio-semana 2014-2026,dados/bruto/infodengue/chikungunya_5300108.csv,https://info.dengue.mat.br/api/alertcity?geocode=5300108&disease=chikungunya&format=json&ew_start=1&ew_end=53&ey_start=2014&ey_end=2026
Brasilia,DF,5300108,InfoDengue,zika: serie municipio-semana 2014-2026,dados/bruto/infodengue/zika_5300108.csv,https://info.dengue.mat.br/api/alertcity?geocode=5300108&disease=zika&format=json&ew_start=1&ew_end=53&ey_start=2014&ey_end=2026
Brasilia,DF,5300108,IBGE,malha cartografica municipal (GeoJSON),dados/externo/malha_ride_df.geojson,https://servicodados.ibge.gov.br/api/v3/malhas/municipios/5300108?formato=application/vnd.geo+json&qualidade=intermediaria
Cabeceiras,GO,5204003,InfoDengue,dengue: serie municipio-semana 2014-2026,dados/bruto/infodengue/dengue_5204003.csv,https://info.dengue.mat.br/api/alertcity?geocode=5204003&disease=dengue&format=json&ew_start=1&ew_end=53&ey_start=2014&ey_end=2026
Cabeceiras,GO,5204003,InfoDengue,chikungunya: serie municipio-semana 2014-2026,dados/bruto/infodengue/chikungunya_5204003.csv,https://info.dengue.mat.br/api/alertcity?geocode=5204003&disease=chikungunya&format=json&ew_start=1&ew_end=53&ey_start=2014&ey_end=2026
Cabeceiras,GO,5204003,InfoDengue,zika: serie municipio-semana 2014-2026,dados/bruto/infodengue/zika_5204003.csv,https://info.dengue.mat.br/api/alertcity?geocode=5204003&disease=zika&format=json&ew_start=1&ew_end=53&ey_start=2014&ey_end=2026
Cabeceiras,GO,5204003,IBGE,malha cartografica municipal (GeoJSON),dados/externo/malha_ride_df.geojson,https://servicodados.ibge.gov.br/api/v3/malhas/municipios/5204003?formato=application/vnd.geo+json&qualidade=intermediaria
Cavalcante,GO,5205307,InfoDengue,dengue: serie municipio-semana 2014-2026,dados/bruto/infodengue/dengue_5205307.csv,https://info.dengue.mat.br/api/alertcity?geocode=5205307&disease=dengue&format=json&ew_start=1&ew_end=53&ey_start=2014&ey_end=2026
Cavalcante,GO,5205307,InfoDengue,chikungunya: serie municipio-semana 2014-2026,dados/bruto/infodengue/chikungunya_5205307.csv,https://info.dengue.mat.br/api/alertcity?geocode=5205307&disease=chikungunya&format=json&ew_start=1&ew_end=53&ey_start=2014&ey_end=2026
Cavalcante,GO,5205307,InfoDengue,zika: serie municipio-semana 2014-2026,dados/bruto/infodengue/zika_5205307.csv,https://info.dengue.mat.br/api/alertcity?geocode=5205307&disease=zika&format=json&ew_start=1&ew_end=53&ey_start=2014&ey_end=2026
Cavalcante,GO,5205307,IBGE,malha cartografica municipal (GeoJSON),dados/externo/malha_ride_df.geojson,https://servicodados.ibge.gov.br/api/v3/malhas/municipios/5205307?formato=application/vnd.geo+json&qualidade=intermediaria
Cidade Ocidental,GO,5205497,InfoDengue,dengue: serie municipio-semana 2014-2026,dados/bruto/infodengue/dengue_5205497.csv,https://info.dengue.mat.br/api/alertcity?geocode=5205497&disease=dengue&format=json&ew_start=1&ew_end=53&ey_start=2014&ey_end=2026
Cidade Ocidental,GO,5205497,InfoDengue,chikungunya: serie municipio-semana 2014-2026,dados/bruto/infodengue/chikungunya_5205497.csv,https://info.dengue.mat.br/api/alertcity?geocode=5205497&disease=chikungunya&format=json&ew_start=1&ew_end=53&ey_start=2014&ey_end=2026
Cidade Ocidental,GO,5205497,InfoDengue,zika: serie municipio-semana 2014-2026,dados/bruto/infodengue/zika_5205497.csv,https://info.dengue.mat.br/api/alertcity?geocode=5205497&disease=zika&format=json&ew_start=1&ew_end=53&ey_start=2014&ey_end=2026
Cidade Ocidental,GO,5205497,IBGE,malha cartografica municipal (GeoJSON),dados/externo/malha_ride_df.geojson,https://servicodados.ibge.gov.br/api/v3/malhas/municipios/5205497?formato=application/vnd.geo+json&qualidade=intermediaria
Cocalzinho de Goias,GO,5205513,InfoDengue,dengue: serie municipio-semana 2014-2026,dados/bruto/infodengue/dengue_5205513.csv,https://info.dengue.mat.br/api/alertcity?geocode=5205513&disease=dengue&format=json&ew_start=1&ew_end=53&ey_start=2014&ey_end=2026
Cocalzinho de Goias,GO,5205513,InfoDengue,chikungunya: serie municipio-semana 2014-2026,dados/bruto/infodengue/chikungunya_5205513.csv,https://info.dengue.mat.br/api/alertcity?geocode=5205513&disease=chikungunya&format=json&ew_start=1&ew_end=53&ey_start=2014&ey_end=2026
Cocalzinho de Goias,GO,5205513,InfoDengue,zika: serie municipio-semana 2014-2026,dados/bruto/infodengue/zika_5205513.csv,https://info.dengue.mat.br/api/alertcity?geocode=5205513&disease=zika&format=json&ew_start=1&ew_end=53&ey_start=2014&ey_end=2026
Cocalzinho de Goias,GO,5205513,IBGE,malha cartografica municipal (GeoJSON),dados/externo/malha_ride_df.geojson,https://servicodados.ibge.gov.br/api/v3/malhas/municipios/5205513?formato=application/vnd.geo+json&qualidade=intermediaria
Corumba de Goias,GO,5205802,InfoDengue,dengue: serie municipio-semana 2014-2026,dados/bruto/infodengue/dengue_5205802.csv,https://info.dengue.mat.br/api/alertcity?geocode=5205802&disease=dengue&format=json&ew_start=1&ew_end=53&ey_start=2014&ey_end=2026
Corumba de Goias,GO,5205802,InfoDengue,chikungunya: serie municipio-semana 2014-2026,dados/bruto/infodengue/chikungunya_5205802.csv,https://info.dengue.mat.br/api/alertcity?geocode=5205802&disease=chikungunya&format=json&ew_start=1&ew_end=53&ey_start=2014&ey_end=2026
Corumba de Goias,GO,5205802,InfoDengue,zika: serie municipio-semana 2014-2026,dados/bruto/infodengue/zika_5205802.csv,https://info.dengue.mat.br/api/alertcity?geocode=5205802&disease=zika&format=json&ew_start=1&ew_end=53&ey_start=2014&ey_end=2026
Corumba de Goias,GO,5205802,IBGE,malha cartografica municipal (GeoJSON),dados/externo/malha_ride_df.geojson,https://servicodados.ibge.gov.br/api/v3/malhas/municipios/5205802?formato=application/vnd.geo+json&qualidade=intermediaria
Cristalina,GO,5206206,InfoDengue,dengue: serie municipio-semana 2014-2026,dados/bruto/infodengue/dengue_5206206.csv,https://info.dengue.mat.br/api/alertcity?geocode=5206206&disease=dengue&format=json&ew_start=1&ew_end=53&ey_start=2014&ey_end=2026
Cristalina,GO,5206206,InfoDengue,chikungunya: serie municipio-semana 2014-2026,dados/bruto/infodengue/chikungunya_5206206.csv,https://info.dengue.mat.br/api/alertcity?geocode=5206206&disease=chikungunya&format=json&ew_start=1&ew_end=53&ey_start=2014&ey_end=2026
Cristalina,GO,5206206,InfoDengue,zika: serie municipio-semana 2014-2026,dados/bruto/infodengue/zika_5206206.csv,https://info.dengue.mat.br/api/alertcity?geocode=5206206&disease=zika&format=json&ew_start=1&ew_end=53&ey_start=2014&ey_end=2026
Cristalina,GO,5206206,IBGE,malha cartografica municipal (GeoJSON),dados/externo/malha_ride_df.geojson,https://servicodados.ibge.gov.br/api/v3/malhas/municipios/5206206?formato=application/vnd.geo+json&qualidade=intermediaria
Flores de Goias,GO,5207907,InfoDengue,dengue: serie municipio-semana 2014-2026,dados/bruto/infodengue/dengue_5207907.csv,https://info.dengue.mat.br/api/alertcity?geocode=5207907&disease=dengue&format=json&ew_start=1&ew_end=53&ey_start=2014&ey_end=2026
Flores de Goias,GO,5207907,InfoDengue,chikungunya: serie municipio-semana 2014-2026,dados/bruto/infodengue/chikungunya_5207907.csv,https://info.dengue.mat.br/api/alertcity?geocode=5207907&disease=chikungunya&format=json&ew_start=1&ew_end=53&ey_start=2014&ey_end=2026
Flores de Goias,GO,5207907,InfoDengue,zika: serie municipio-semana 2014-2026,dados/bruto/infodengue/zika_5207907.csv,https://info.dengue.mat.br/api/alertcity?geocode=5207907&disease=zika&format=json&ew_start=1&ew_end=53&ey_start=2014&ey_end=2026
Flores de Goias,GO,5207907,IBGE,malha cartografica municipal (GeoJSON),dados/externo/malha_ride_df.geojson,https://servicodados.ibge.gov.br/api/v3/malhas/municipios/5207907?formato=application/vnd.geo+json&qualidade=intermediaria
Formosa,GO,5208004,InfoDengue,dengue: serie municipio-semana 2014-2026,dados/bruto/infodengue/dengue_5208004.csv,https://info.dengue.mat.br/api/alertcity?geocode=5208004&disease=dengue&format=json&ew_start=1&ew_end=53&ey_start=2014&ey_end=2026
Formosa,GO,5208004,InfoDengue,chikungunya: serie municipio-semana 2014-2026,dados/bruto/infodengue/chikungunya_5208004.csv,https://info.dengue.mat.br/api/alertcity?geocode=5208004&disease=chikungunya&format=json&ew_start=1&ew_end=53&ey_start=2014&ey_end=2026
Formosa,GO,5208004,InfoDengue,zika: serie municipio-semana 2014-2026,dados/bruto/infodengue/zika_5208004.csv,https://info.dengue.mat.br/api/alertcity?geocode=5208004&disease=zika&format=json&ew_start=1&ew_end=53&ey_start=2014&ey_end=2026
Formosa,GO,5208004,IBGE,malha cartografica municipal (GeoJSON),dados/externo/malha_ride_df.geojson,https://servicodados.ibge.gov.br/api/v3/malhas/municipios/5208004?formato=application/vnd.geo+json&qualidade=intermediaria
Goianesia,GO,5208608,InfoDengue,dengue: serie municipio-semana 2014-2026,dados/bruto/infodengue/dengue_5208608.csv,https://info.dengue.mat.br/api/alertcity?geocode=5208608&disease=dengue&format=json&ew_start=1&ew_end=53&ey_start=2014&ey_end=2026
Goianesia,GO,5208608,InfoDengue,chikungunya: serie municipio-semana 2014-2026,dados/bruto/infodengue/chikungunya_5208608.csv,https://info.dengue.mat.br/api/alertcity?geocode=5208608&disease=chikungunya&format=json&ew_start=1&ew_end=53&ey_start=2014&ey_end=2026
Goianesia,GO,5208608,InfoDengue,zika: serie municipio-semana 2014-2026,dados/bruto/infodengue/zika_5208608.csv,https://info.dengue.mat.br/api/alertcity?geocode=5208608&disease=zika&format=json&ew_start=1&ew_end=53&ey_start=2014&ey_end=2026
Goianesia,GO,5208608,IBGE,malha cartografica municipal (GeoJSON),dados/externo/malha_ride_df.geojson,https://servicodados.ibge.gov.br/api/v3/malhas/municipios/5208608?formato=application/vnd.geo+json&qualidade=intermediaria
Luziania,GO,5212501,InfoDengue,dengue: serie municipio-semana 2014-2026,dados/bruto/infodengue/dengue_5212501.csv,https://info.dengue.mat.br/api/alertcity?geocode=5212501&disease=dengue&format=json&ew_start=1&ew_end=53&ey_start=2014&ey_end=2026
Luziania,GO,5212501,InfoDengue,chikungunya: serie municipio-semana 2014-2026,dados/bruto/infodengue/chikungunya_5212501.csv,https://info.dengue.mat.br/api/alertcity?geocode=5212501&disease=chikungunya&format=json&ew_start=1&ew_end=53&ey_start=2014&ey_end=2026
Luziania,GO,5212501,InfoDengue,zika: serie municipio-semana 2014-2026,dados/bruto/infodengue/zika_5212501.csv,https://info.dengue.mat.br/api/alertcity?geocode=5212501&disease=zika&format=json&ew_start=1&ew_end=53&ey_start=2014&ey_end=2026
Luziania,GO,5212501,IBGE,malha cartografica municipal (GeoJSON),dados/externo/malha_ride_df.geojson,https://servicodados.ibge.gov.br/api/v3/malhas/municipios/5212501?formato=application/vnd.geo+json&qualidade=intermediaria
Mimoso de Goias,GO,5213053,InfoDengue,dengue: serie municipio-semana 2014-2026,dados/bruto/infodengue/dengue_5213053.csv,https://info.dengue.mat.br/api/alertcity?geocode=5213053&disease=dengue&format=json&ew_start=1&ew_end=53&ey_start=2014&ey_end=2026
Mimoso de Goias,GO,5213053,InfoDengue,chikungunya: serie municipio-semana 2014-2026,dados/bruto/infodengue/chikungunya_5213053.csv,https://info.dengue.mat.br/api/alertcity?geocode=5213053&disease=chikungunya&format=json&ew_start=1&ew_end=53&ey_start=2014&ey_end=2026
Mimoso de Goias,GO,5213053,InfoDengue,zika: serie municipio-semana 2014-2026,dados/bruto/infodengue/zika_5213053.csv,https://info.dengue.mat.br/api/alertcity?geocode=5213053&disease=zika&format=json&ew_start=1&ew_end=53&ey_start=2014&ey_end=2026
Mimoso de Goias,GO,5213053,IBGE,malha cartografica municipal (GeoJSON),dados/externo/malha_ride_df.geojson,https://servicodados.ibge.gov.br/api/v3/malhas/municipios/5213053?formato=application/vnd.geo+json&qualidade=intermediaria
Niquelandia,GO,5214606,InfoDengue,dengue: serie municipio-semana 2014-2026,dados/bruto/infodengue/dengue_5214606.csv,https://info.dengue.mat.br/api/alertcity?geocode=5214606&disease=dengue&format=json&ew_start=1&ew_end=53&ey_start=2014&ey_end=2026
Niquelandia,GO,5214606,InfoDengue,chikungunya: serie municipio-semana 2014-2026,dados/bruto/infodengue/chikungunya_5214606.csv,https://info.dengue.mat.br/api/alertcity?geocode=5214606&disease=chikungunya&format=json&ew_start=1&ew_end=53&ey_start=2014&ey_end=2026
Niquelandia,GO,5214606,InfoDengue,zika: serie municipio-semana 2014-2026,dados/bruto/infodengue/zika_5214606.csv,https://info.dengue.mat.br/api/alertcity?geocode=5214606&disease=zika&format=json&ew_start=1&ew_end=53&ey_start=2014&ey_end=2026
Niquelandia,GO,5214606,IBGE,malha cartografica municipal (GeoJSON),dados/externo/malha_ride_df.geojson,https://servicodados.ibge.gov.br/api/v3/malhas/municipios/5214606?formato=application/vnd.geo+json&qualidade=intermediaria
Novo Gama,GO,5215231,InfoDengue,dengue: serie municipio-semana 2014-2026,dados/bruto/infodengue/dengue_5215231.csv,https://info.dengue.mat.br/api/alertcity?geocode=5215231&disease=dengue&format=json&ew_start=1&ew_end=53&ey_start=2014&ey_end=2026
Novo Gama,GO,5215231,InfoDengue,chikungunya: serie municipio-semana 2014-2026,dados/bruto/infodengue/chikungunya_5215231.csv,https://info.dengue.mat.br/api/alertcity?geocode=5215231&disease=chikungunya&format=json&ew_start=1&ew_end=53&ey_start=2014&ey_end=2026
Novo Gama,GO,5215231,InfoDengue,zika: serie municipio-semana 2014-2026,dados/bruto/infodengue/zika_5215231.csv,https://info.dengue.mat.br/api/alertcity?geocode=5215231&disease=zika&format=json&ew_start=1&ew_end=53&ey_start=2014&ey_end=2026
Novo Gama,GO,5215231,IBGE,malha cartografica municipal (GeoJSON),dados/externo/malha_ride_df.geojson,https://servicodados.ibge.gov.br/api/v3/malhas/municipios/5215231?formato=application/vnd.geo+json&qualidade=intermediaria
Padre Bernardo,GO,5215603,InfoDengue,dengue: serie municipio-semana 2014-2026,dados/bruto/infodengue/dengue_5215603.csv,https://info.dengue.mat.br/api/alertcity?geocode=5215603&disease=dengue&format=json&ew_start=1&ew_end=53&ey_start=2014&ey_end=2026
Padre Bernardo,GO,5215603,InfoDengue,chikungunya: serie municipio-semana 2014-2026,dados/bruto/infodengue/chikungunya_5215603.csv,https://info.dengue.mat.br/api/alertcity?geocode=5215603&disease=chikungunya&format=json&ew_start=1&ew_end=53&ey_start=2014&ey_end=2026
Padre Bernardo,GO,5215603,InfoDengue,zika: serie municipio-semana 2014-2026,dados/bruto/infodengue/zika_5215603.csv,https://info.dengue.mat.br/api/alertcity?geocode=5215603&disease=zika&format=json&ew_start=1&ew_end=53&ey_start=2014&ey_end=2026
Padre Bernardo,GO,5215603,IBGE,malha cartografica municipal (GeoJSON),dados/externo/malha_ride_df.geojson,https://servicodados.ibge.gov.br/api/v3/malhas/municipios/5215603?formato=application/vnd.geo+json&qualidade=intermediaria
Pirenopolis,GO,5217302,InfoDengue,dengue: serie municipio-semana 2014-2026,dados/bruto/infodengue/dengue_5217302.csv,https://info.dengue.mat.br/api/alertcity?geocode=5217302&disease=dengue&format=json&ew_start=1&ew_end=53&ey_start=2014&ey_end=2026
Pirenopolis,GO,5217302,InfoDengue,chikungunya: serie municipio-semana 2014-2026,dados/bruto/infodengue/chikungunya_5217302.csv,https://info.dengue.mat.br/api/alertcity?geocode=5217302&disease=chikungunya&format=json&ew_start=1&ew_end=53&ey_start=2014&ey_end=2026
Pirenopolis,GO,5217302,InfoDengue,zika: serie municipio-semana 2014-2026,dados/bruto/infodengue/zika_5217302.csv,https://info.dengue.mat.br/api/alertcity?geocode=5217302&disease=zika&format=json&ew_start=1&ew_end=53&ey_start=2014&ey_end=2026
Pirenopolis,GO,5217302,IBGE,malha cartografica municipal (GeoJSON),dados/externo/malha_ride_df.geojson,https://servicodados.ibge.gov.br/api/v3/malhas/municipios/5217302?formato=application/vnd.geo+json&qualidade=intermediaria
Planaltina,GO,5217609,InfoDengue,dengue: serie municipio-semana 2014-2026,dados/bruto/infodengue/dengue_5217609.csv,https://info.dengue.mat.br/api/alertcity?geocode=5217609&disease=dengue&format=json&ew_start=1&ew_end=53&ey_start=2014&ey_end=2026
Planaltina,GO,5217609,InfoDengue,chikungunya: serie municipio-semana 2014-2026,dados/bruto/infodengue/chikungunya_5217609.csv,https://info.dengue.mat.br/api/alertcity?geocode=5217609&disease=chikungunya&format=json&ew_start=1&ew_end=53&ey_start=2014&ey_end=2026
Planaltina,GO,5217609,InfoDengue,zika: serie municipio-semana 2014-2026,dados/bruto/infodengue/zika_5217609.csv,https://info.dengue.mat.br/api/alertcity?geocode=5217609&disease=zika&format=json&ew_start=1&ew_end=53&ey_start=2014&ey_end=2026
Planaltina,GO,5217609,IBGE,malha cartografica municipal (GeoJSON),dados/externo/malha_ride_df.geojson,https://servicodados.ibge.gov.br/api/v3/malhas/municipios/5217609?formato=application/vnd.geo+json&qualidade=intermediaria
Santo Antonio do Descoberto,GO,5219753,InfoDengue,dengue: serie municipio-semana 2014-2026,dados/bruto/infodengue/dengue_5219753.csv,https://info.dengue.mat.br/api/alertcity?geocode=5219753&disease=dengue&format=json&ew_start=1&ew_end=53&ey_start=2014&ey_end=2026
Santo Antonio do Descoberto,GO,5219753,InfoDengue,chikungunya: serie municipio-semana 2014-2026,dados/bruto/infodengue/chikungunya_5219753.csv,https://info.dengue.mat.br/api/alertcity?geocode=5219753&disease=chikungunya&format=json&ew_start=1&ew_end=53&ey_start=2014&ey_end=2026
Santo Antonio do Descoberto,GO,5219753,InfoDengue,zika: serie municipio-semana 2014-2026,dados/bruto/infodengue/zika_5219753.csv,https://info.dengue.mat.br/api/alertcity?geocode=5219753&disease=zika&format=json&ew_start=1&ew_end=53&ey_start=2014&ey_end=2026
Santo Antonio do Descoberto,GO,5219753,IBGE,malha cartografica municipal (GeoJSON),dados/externo/malha_ride_df.geojson,https://servicodados.ibge.gov.br/api/v3/malhas/municipios/5219753?formato=application/vnd.geo+json&qualidade=intermediaria
Sao Joao d'Alianca,GO,5220009,InfoDengue,dengue: serie municipio-semana 2014-2026,dados/bruto/infodengue/dengue_5220009.csv,https://info.dengue.mat.br/api/alertcity?geocode=5220009&disease=dengue&format=json&ew_start=1&ew_end=53&ey_start=2014&ey_end=2026
Sao Joao d'Alianca,GO,5220009,InfoDengue,chikungunya: serie municipio-semana 2014-2026,dados/bruto/infodengue/chikungunya_5220009.csv,https://info.dengue.mat.br/api/alertcity?geocode=5220009&disease=chikungunya&format=json&ew_start=1&ew_end=53&ey_start=2014&ey_end=2026
Sao Joao d'Alianca,GO,5220009,InfoDengue,zika: serie municipio-semana 2014-2026,dados/bruto/infodengue/zika_5220009.csv,https://info.dengue.mat.br/api/alertcity?geocode=5220009&disease=zika&format=json&ew_start=1&ew_end=53&ey_start=2014&ey_end=2026
Sao Joao d'Alianca,GO,5220009,IBGE,malha cartografica municipal (GeoJSON),dados/externo/malha_ride_df.geojson,https://servicodados.ibge.gov.br/api/v3/malhas/municipios/5220009?formato=application/vnd.geo+json&qualidade=intermediaria
Simolandia,GO,5220686,InfoDengue,dengue: serie municipio-semana 2014-2026,dados/bruto/infodengue/dengue_5220686.csv,https://info.dengue.mat.br/api/alertcity?geocode=5220686&disease=dengue&format=json&ew_start=1&ew_end=53&ey_start=2014&ey_end=2026
Simolandia,GO,5220686,InfoDengue,chikungunya: serie municipio-semana 2014-2026,dados/bruto/infodengue/chikungunya_5220686.csv,https://info.dengue.mat.br/api/alertcity?geocode=5220686&disease=chikungunya&format=json&ew_start=1&ew_end=53&ey_start=2014&ey_end=2026
Simolandia,GO,5220686,InfoDengue,zika: serie municipio-semana 2014-2026,dados/bruto/infodengue/zika_5220686.csv,https://info.dengue.mat.br/api/alertcity?geocode=5220686&disease=zika&format=json&ew_start=1&ew_end=53&ey_start=2014&ey_end=2026
Simolandia,GO,5220686,IBGE,malha cartografica municipal (GeoJSON),dados/externo/malha_ride_df.geojson,https://servicodados.ibge.gov.br/api/v3/malhas/municipios/5220686?formato=application/vnd.geo+json&qualidade=intermediaria
Valparaiso de Goias,GO,5221858,InfoDengue,dengue: serie municipio-semana 2014-2026,dados/bruto/infodengue/dengue_5221858.csv,https://info.dengue.mat.br/api/alertcity?geocode=5221858&disease=dengue&format=json&ew_start=1&ew_end=53&ey_start=2014&ey_end=2026
Valparaiso de Goias,GO,5221858,InfoDengue,chikungunya: serie municipio-semana 2014-2026,dados/bruto/infodengue/chikungunya_5221858.csv,https://info.dengue.mat.br/api/alertcity?geocode=5221858&disease=chikungunya&format=json&ew_start=1&ew_end=53&ey_start=2014&ey_end=2026
Valparaiso de Goias,GO,5221858,InfoDengue,zika: serie municipio-semana 2014-2026,dados/bruto/infodengue/zika_5221858.csv,https://info.dengue.mat.br/api/alertcity?geocode=5221858&disease=zika&format=json&ew_start=1&ew_end=53&ey_start=2014&ey_end=2026
Valparaiso de Goias,GO,5221858,IBGE,malha cartografica municipal (GeoJSON),dados/externo/malha_ride_df.geojson,https://servicodados.ibge.gov.br/api/v3/malhas/municipios/5221858?formato=application/vnd.geo+json&qualidade=intermediaria
Vila Boa,GO,5222203,InfoDengue,dengue: serie municipio-semana 2014-2026,dados/bruto/infodengue/dengue_5222203.csv,https://info.dengue.mat.br/api/alertcity?geocode=5222203&disease=dengue&format=json&ew_start=1&ew_end=53&ey_start=2014&ey_end=2026
Vila Boa,GO,5222203,InfoDengue,chikungunya: serie municipio-semana 2014-2026,dados/bruto/infodengue/chikungunya_5222203.csv,https://info.dengue.mat.br/api/alertcity?geocode=5222203&disease=chikungunya&format=json&ew_start=1&ew_end=53&ey_start=2014&ey_end=2026
Vila Boa,GO,5222203,InfoDengue,zika: serie municipio-semana 2014-2026,dados/bruto/infodengue/zika_5222203.csv,https://info.dengue.mat.br/api/alertcity?geocode=5222203&disease=zika&format=json&ew_start=1&ew_end=53&ey_start=2014&ey_end=2026
Vila Boa,GO,5222203,IBGE,malha cartografica municipal (GeoJSON),dados/externo/malha_ride_df.geojson,https://servicodados.ibge.gov.br/api/v3/malhas/municipios/5222203?formato=application/vnd.geo+json&qualidade=intermediaria
Vila Propicio,GO,5222302,InfoDengue,dengue: serie municipio-semana 2014-2026,dados/bruto/infodengue/dengue_5222302.csv,https://info.dengue.mat.br/api/alertcity?geocode=5222302&disease=dengue&format=json&ew_start=1&ew_end=53&ey_start=2014&ey_end=2026
Vila Propicio,GO,5222302,InfoDengue,chikungunya: serie municipio-semana 2014-2026,dados/bruto/infodengue/chikungunya_5222302.csv,https://info.dengue.mat.br/api/alertcity?geocode=5222302&disease=chikungunya&format=json&ew_start=1&ew_end=53&ey_start=2014&ey_end=2026
Vila Propicio,GO,5222302,InfoDengue,zika: serie municipio-semana 2014-2026,dados/bruto/infodengue/zika_5222302.csv,https://info.dengue.mat.br/api/alertcity?geocode=5222302&disease=zika&format=json&ew_start=1&ew_end=53&ey_start=2014&ey_end=2026
Vila Propicio,GO,5222302,IBGE,malha cartografica municipal (GeoJSON),dados/externo/malha_ride_df.geojson,https://servicodados.ibge.gov.br/api/v3/malhas/municipios/5222302?formato=application/vnd.geo+json&qualidade=intermediaria
